time,macd_fwd_1,macd_fwd_2,macd_fwd_5,macd_fwd_10,macd_fwd_20,rsi_fwd_1,rsi_fwd_2,rsi_fwd_5,rsi_fwd_10,rsi_fwd_20,ichimoku_fwd_1,ichimoku_fwd_2,ichimoku_fwd_5,ichimoku_fwd_10,ichimoku_fwd_20,total_fwd_1,total_fwd_2,total_fwd_5,total_fwd_10,total_fwd_20,so_ma
2024-01-02,-0.0586845732067769,-0.10234564868729888,-0.10304857284850345,-0.09965369604200561,0.006439647268340525,-0.14060034956273604,-0.14701854817661975,-0.08761372474133369,-0.03440799278652195,0.057512150456718765,-0.15748249944406373,-0.04574970658639058,-0.036858266508533105,-0.05225051256100436,0.009974209256060525,-0.182713722738931,-0.16306589827872903,-0.11584409629958296,-0.06325791434496715,0.01084931871410851,264
2024-01-03,-0.20705195417471928,-0.15401409124486076,-0.1036537846765747,-0.1335002322030565,-0.06486947614327536,-0.16433848539958248,-0.09367556762581619,-0.004611274312949678,-0.03227470798384756,0.06726257571169623,-0.015199161654786174,-0.04042481656085141,0.015815905762734485,-0.03282572724110774,0.12722172026561157,-0.18007334771223177,-0.17526541766605375,-0.057196759490779216,-0.10772379266810225,0.013633697750213787,264
2024-01-04,0.06631929737472637,0.07839036292257914,0.005963478109904489,-0.05482413282986142,-0.019711692797336713,0.10938154121862403,0.08589256424266743,0.10242189524430123,0.08915374714888281,0.08716930012626832,0.034640479461115245,0.01542256423826393,-0.024755599514029433,0.06028013593354401,0.20942316194631103,0.04429350363171175,0.047009196001577214,0.013159845113285665,0.01743894152031741,0.12322346602349356,264
2024-01-05,0.007056725241603868,-0.0416193920596961,-0.03889524021881377,-0.09242357425890693,-0.07047592467913326,-0.04232648183848464,-0.06683003318252233,0.09352250202561052,0.08723603422448911,0.06376750250064037,0.004489551196391021,0.02109377759938924,0.025014621747736176,0.09181173299270198,0.22587603084330526,0.01478960080655389,-0.009917249154667518,0.05293872978787471,0.04522717042138228,0.08701177409900619,264
2024-01-08,-0.1161707771911225,-0.13727316242921306,-0.19322263026560677,-0.11832380973570442,-0.040525552827088675,-0.06547881438369026,-0.04093863071145445,-0.033456424130203284,0.1109995086708478,0.11933998027130804,-0.011593346118653104,0.0019198803961643935,0.004571580611472274,0.14445363642149997,0.27504850351614735,-0.05822662257051794,-0.03286798390020325,-0.04888997380645485,0.06164939967968009,0.1171143702666582,264
2024-01-09,-0.12587074557545846,-0.19066518254511666,-0.1403573349689307,-0.13655325430761167,-0.012554420904667272,-0.03709516066037484,-0.10524336719087263,-0.0327669215148754,0.03321258909856677,0.15895023661022306,0.003161119209368947,-0.05941964465819811,0.06856155476490455,0.12325380011210042,0.29838487994852747,-0.020088778604232242,-0.1113589668084453,-0.01726844061720155,0.017030081746573205,0.151127361195712,264
2024-01-10,-0.22811317516267499,-0.05204997321814104,-0.011533865690442024,0.01919272720915487,0.07813556218647338,-0.2264349658502663,-0.003022366125835971,0.00030920628162767655,0.14702742425002435,0.21105595482271391,-0.13548117883892552,0.009620855135014228,0.0942010492482076,0.14492754998375146,0.23631986369461977,-0.20352260134716685,-0.018678914155204264,0.03226084821678466,0.12209016186671694,0.1503108962614245,264
2024-01-11,0.12493893323266432,-0.033305641193530584,0.06505733510042438,0.04177091495110106,0.05705919248103349,0.1884849118360475,0.10292677927885077,0.06027707527617792,0.20998102365195792,0.20229629276625274,0.15588318004557933,-0.01729252001361517,0.0853184092571027,0.10101631983174092,0.16905388008121666,0.17807398800246618,0.02403487107983088,0.06591266916087211,0.11923565066548536,0.12413553139950205,264
2024-01-12,-0.13592835670194134,-0.12149026647371505,-0.01344671478548764,0.009921911116090842,-0.012691529009406479,-0.026745458543333746,-0.15394224786307079,-0.021531022345933702,0.0459781323189063,0.026477570671491438,-0.13699675504617606,-0.030461784177049138,0.057510303630032594,0.08216153204805672,0.11570752275989651,-0.1262057139279159,-0.11547431077938791,0.037087764957158695,0.04961460150081499,0.039676245393243596,264
2024-01-15,-0.025523835426781792,-0.11966977677612466,0.06272925098394996,0.03453039563634785,0.040064312069653135,-0.1956865882293729,-0.2531921730062572,-0.019887030524516316,-0.00435655471619738,-0.002184802135076686,0.04376947939454627,-0.028252522419496162,0.11618629460281113,0.13239213834835134,0.14177622417605013,-0.02508066689048743,-0.11647790146526679,0.09213717187476445,0.08945450221468763,0.0813964131187341,263
2024-01-16,-0.08236252560000244,-0.04593484788992665,0.08481022109714864,0.04999313424107565,0.01195240622690145,-0.14481723799353532,-0.10660311862846356,0.06442017323313433,0.007437540475120353,0.03384637052097111,-0.010277802104384184,-0.002998937208052485,0.09020627997842298,0.11660207331116743,0.07378623496840746,-0.0726443722889558,-0.027831067967898648,0.10938574977632289,0.09765821186526011,0.05461787066157819,263
2024-01-17,0.08021034303196627,0.12770763155315681,0.12605201356246745,0.08759711060005751,0.03469956813682794,0.04844397135297754,0.11574634232467534,0.07445599271801721,0.1045022246211716,0.1410322737341798,0.045630534367640654,0.104968978527629,0.08076001732033368,0.1006420433718667,0.05124754701548917,0.07053243479074232,0.15215969796531797,0.12849628141851005,0.12409567015337748,0.07717653113886536,263
2024-01-18,0.08041149735540805,0.07797248241158077,0.061990614843806725,0.07170962959768819,0.01955357957529368,0.07248042900209152,-0.0061219617798136,0.014962486804339464,0.16191454889919374,0.19877420246235636,0.06237612912244691,0.10265344091926669,0.033735060215217556,0.08402686773768828,0.020398205079747832,0.09318766045099838,0.09027187712838554,0.05434299185615589,0.10942545303249523,0.06681361901174838,263
2024-01-19,-0.015440446145426605,-0.05529182974635999,0.07951324041469895,0.12758135405374707,0.053722477606992974,-0.05056710301759557,-0.08117994746049854,0.06878456260251374,0.15156445802411272,0.22437048409503643,0.08727038189320628,-0.020161367590093224,0.0676079439649455,0.09051306846230606,0.047206349211718644,0.0177233871740529,-0.05179238662449292,0.08023193780786358,0.11711607120961998,0.10421493706855141,263
2024-01-22,-0.08453861350575777,-0.0772969044884522,0.02432414628549932,0.1473421604899181,0.056468888586103494,-0.1266453989395901,-0.13135757035894452,0.06353427060538942,0.1814678896645728,0.13006403411474599,-0.10007184439121568,-0.09734757589569688,0.009915455169956554,0.12369731778206725,0.05219546204887646,-0.10558148577530646,-0.08263900904795674,0.025642545243012065,0.14506981776539035,0.07445885676060834,263
2024-01-23,-0.04726239933834758,0.05502790885358262,0.10634273428251761,0.19990887472791646,0.1510544222904003,-0.14739632618020426,-0.06744269086850113,0.051040129411771606,0.1001545640575927,0.10437028898785541,-0.05012487589140253,0.007573662105983648,0.12772362470412765,0.17429205542918758,0.1451450679061305,-0.04066480140898564,0.013934342042402648,0.10901637496095037,0.1814771252423995,0.17770648305238887,263
2024-01-24,0.09816172558916551,0.13565023856615094,0.062257502144279345,0.21557104845170555,0.15656091051005472,-0.01006647346728603,0.06595993609083886,-0.05940096156823215,0.10247055790142663,0.08686941619153024,0.04824185435200852,0.12483956915875627,0.04041204821136016,0.19294740375355154,0.12441498777563859,0.043648926977396134,0.13426675696781998,0.02473492160057282,0.19683742868442872,0.1609005992958074,263
2024-01-25,0.10310028694511128,0.05745987423939611,0.12009386277702457,0.20406923495887513,0.16895727989750248,0.04815625208086494,0.02074496839649435,0.031504327823668396,0.12834228493744484,0.11163716076751103,0.13181779944801705,0.10914934759445578,0.11500841839650651,0.22294530054366452,0.1914997581661822,0.1272407493980071,0.08150002315659878,0.09038906603527727,0.21467014963579317,0.18950024112732486,263
2024-01-26,-0.07807721309183,0.06378623368843404,0.11358943684537653,0.11711719821662592,0.15796926000188385,0.04389647996226076,0.04960330334391977,0.08855653795451003,0.12463535357140103,0.13907796156968832,-0.0477982943685474,0.062249081081409356,0.05641631781631432,0.11681556248607548,0.18590180336629014,-0.06664249629152777,0.04371738048448722,0.055987789144823094,0.10505959979311662,0.17722703667796236,264
2024-01-29,0.0941258640527704,0.0009461247877723206,0.25261657686173183,0.1716470150101695,0.15234668768435985,0.015241191039365082,-0.07163580428881695,0.2705973465759364,0.21402744269213814,0.17501326396614225,0.1347797132956859,-0.003004448581650831,0.3095269610658071,0.20275485445608227,0.2392782200299715,0.11707836633864248,-0.017849777203124487,0.3111567154244531,0.21425800648298055,0.22751835188333225,264
2024-01-30,-0.1631229279828192,0.16980828874431378,0.21155552257059765,0.08238823795730087,0.1419712577581178,-0.1921475849134571,0.1658580475529047,0.22643326040398074,0.1488607233404605,0.15354120092890483,-0.23334603599928808,0.0886512334699544,0.19889734166748138,0.07705275889687395,0.18401185892180136,-0.23185489739653228,0.12562376286853674,0.2207312095438383,0.11437931409446124,0.1882088071975722,264
2024-01-31,0.381871348474044,0.36860017335484085,0.3778283983913762,0.17081237793203508,0.15674543185565262,0.34791695210356116,0.3497371738452527,0.3904667515386625,0.24858655202401633,0.20472090198375534,0.3028484730474864,0.2527889491685028,0.34509651399811003,0.16398896364551172,0.19229271841956197,0.34362662822107615,0.3256401401828709,0.40036011000769994,0.21510795777550296,0.20584071806521578,264
2024-02-01,0.047131467258136474,0.190029619933856,0.08296477950944403,-0.019881849192563913,0.041066340209007436,0.015384577147799356,0.11958857600890768,0.009667327279311674,-0.017650835865535272,0.06149668434712845,0.03153885054229671,0.19634257933359342,0.09812556634681045,-0.006268710620985077,0.08235514551187031,0.041144680603042556,0.212310262402545,0.12134011885185318,0.0116048411513887,0.06822139979651895,266
2024-02-02,0.17942460221706336,0.19924379204413675,-0.007214890218509543,-0.1552842307901653,0.0344376800845829,0.16150736750958808,0.19867937479387515,-0.0580065613157341,-0.1704094135984636,0.09847594368911819,0.18120185594664526,0.2317528639596648,0.04734570213581666,-0.14533487397549621,0.06830401326400677,0.2068646584656609,0.2524008135616534,0.0417136867648244,-0.14444836787560922,0.07776178434625793,266
2024-02-05,0.08182257376580394,0.051253844097637745,-0.21796866000311443,-0.05736072116233285,-0.004872662837485754,0.010860413437111813,0.026407046232904904,-0.21417779603442996,-0.05786008452886082,0.014761631147896031,0.04709919632861845,0.05889787088110784,-0.18036729026873238,-0.1190629042035752,-0.021465808682736415,0.05625115918084717,0.05466944521356109,-0.1955622339798592,-0.09339112618286056,-0.01658431846075151,266
2024-02-06,0.020369268021530603,-0.16387910168390946,-0.26938011838072967,-0.03940985083083898,0.0706940312697234,0.013734481915843793,-0.18844226505350423,-0.2818203208028868,-0.03329878559089333,0.10596970071300928,0.016816252423098713,-0.14088987444028067,-0.24041078956720457,-0.0772807130144691,0.08176039593914712,0.005144725174174865,-0.15247658121147517,-0.2707214730209706,-0.06544349978005919,0.08394537706420199,266
2024-02-07,-0.20639002969152687,-0.22615431672979924,-0.2079198800417242,-0.09990229971707709,0.06301236506455866,-0.22407094238985847,-0.28329837022480575,-0.24176259696013117,-0.0579511982697682,0.04867977881911059,-0.19299073797529284,-0.2152199586030402,-0.19413146979564772,-0.11056286502891019,0.07213563130451166,-0.1918363890922089,-0.2281276338243709,-0.20630534949466425,-0.1095972337371562,0.06134274424415802,266
2024-02-15,-0.16101340518899898,-0.200980825820156,-0.23833927124727908,-0.05303662239974088,0.01831637277483867,-0.21583945138640878,-0.22333454019475815,-0.25447512121492355,-0.06441851141187001,-0.014336575913946933,-0.10374341482935776,-0.17573828764699753,-0.21030221331302623,-0.04197265408524207,0.09843162649334249,-0.16189060717691964,-0.21196052147055153,-0.24128673965800135,-0.07077941659149393,0.0330961278397704,266
2024-02-16,-0.07706325380746437,-0.12756212295746105,-0.16581721091973126,0.033977925135804256,0.0056714461055496585,-0.05384192982885841,-0.0767891678081711,-0.09804271627316251,-0.009990688252007492,-0.0018464662662063802,-0.1101189819539927,-0.13399151386294428,-0.17874406484955208,0.10826411071940123,0.16639220790629966,-0.08578758425652368,-0.10535142037927854,-0.18003407994698686,0.05779320135260018,0.08535794013173766,266
2024-02-19,-0.13232836723100433,-0.11465788502273794,-0.08831805197859559,-0.05066113696193525,-0.019083331697798165,-0.12524220325661492,-0.10909955274155711,-0.059168430341897726,-0.05957069326996795,-0.03921417355498465,-0.08428705820119492,-0.05503137878535338,-0.039508912609998524,0.11905724391363409,0.13210298843432308,-0.09588785872082252,-0.06495065865633483,-0.08477942208292402,0.023225689303675134,0.04882938804352508,266
2024-02-20,-0.08906869601215044,-0.054916706734850475,0.056030925749023915,0.04207218907738915,0.09520367345383729,-0.09659575373659206,-0.13067859432675885,0.09550405425697547,0.09005802876343348,0.08256474630252426,-0.06458827351499628,-0.09588931891001971,0.08285976038259643,0.127020061295945,0.19343117918830185,-0.08416131288249773,-0.11957518226697791,0.060130080103230225,0.07506785749021865,0.15609724996551155,266
2024-02-21,0.025573091893380428,-0.0636650436038811,0.07977213754210268,0.01162971507075696,0.011606315613802402,-0.1355264905050804,-0.20740816110682922,0.05987339603925089,-0.03425589811984575,0.024999864511606726,-0.09978219983461875,-0.1887351095508332,0.09914913214083637,0.06125345629570707,0.20993025158359557,-0.10576968151516629,-0.2254992795446191,0.07947331168353282,-0.002984623070747831,0.10961346631070627,266
2024-02-22,-0.11579236733099221,-0.021119398617237203,0.021323709025341905,-0.003135678139429736,-0.017536204166029867,-0.18573629034051897,-0.031735728147719924,-0.05811780406426171,-0.08697146623957215,-0.026572302983966428,-0.15647168076375764,0.048863170110396856,0.12751495255715584,0.05699199696523954,0.20357754155613295,-0.1925354861223312,-0.013826712638210231,0.04786725389385008,-0.024772697157077164,0.08905445039542045,266
2024-02-23,0.12527882923210618,0.146681254465055,0.05096926002810388,-0.002203763993725219,-0.016716775747016528,0.17834582322732878,0.09323023319281029,-0.05843392268949412,-0.08155036598294942,-0.12309568814558583,0.25407746832021255,0.2589984089564216,0.20352789310596717,0.11134232666110662,0.11786423762995221,0.2095012844877842,0.21199143573299306,0.10502777982876962,0.010976241550792257,0.02516224528505187,266
2024-02-26,-0.006762114021975753,0.026969399951265967,-0.06574353068549549,0.019434480674967346,-0.002164897308492261,-0.10501446275488271,-0.10005066762241924,-0.16218077038251386,0.02607587832726059,-0.03496252136993874,0.08542761938236298,0.0519077922402803,0.03709291968683695,0.11927636799470141,0.11832348938549091,0.03552606474931793,0.010099793215914971,-0.04588910026734393,0.04903753372111105,0.04005786174611938,266
2024-02-27,-0.042887894105201184,0.030611512429810642,-0.0059179620432233985,0.09963842634785347,0.011576257494156085,-0.11228601034171845,-0.02439862858437876,-0.03240676428445286,0.15901552015396517,0.06315277708601184,-0.03536391790762351,8.532951456969272e-05,0.01396110055253108,0.09244453560670778,0.05145351469101763,-0.06800019146578601,0.0028099024527226445,-0.013226743114298015,0.12527245444913254,0.0458836450749912,266
2024-02-28,0.04951786718497721,0.05638549121631861,0.024143469781051047,0.18422938682511236,0.06281397665841312,0.0493808152363125,0.05207978282320563,-0.01119508931375271,0.24029201734281994,0.14872617138143507,0.012308458142481955,0.001214029292983531,-0.04785871124274121,0.08097254693265357,-0.01266706056044945,0.04358015103912877,0.057576416485898015,-0.025951832223721397,0.17360526651386504,0.06559444036269797,266
2024-02-29,0.021663617503013936,-0.16785366882269473,0.1161462858371074,0.16880744746788895,0.07226739195342965,0.05987878884633786,-0.12739338671901312,0.051462469052353556,0.2655103491363192,0.22807619112466146,0.04769581928793778,-0.11259481044903005,-0.062214967768619685,0.10265292215539867,0.04394768099604835,0.036604585095769464,-0.16684012230182615,-0.0006839562680387865,0.1802419703727303,0.10123607850126126,265
2024-03-01,-0.2843385465369144,-0.08091893895716595,0.01775515387545682,0.15752706133438577,0.07787899583052713,-0.29545939003256966,-0.11881493968019126,0.03145555133223523,0.26459162729004376,0.27714744741898834,-0.2342521308698759,-0.1546488517866011,-0.06235392499975997,0.05263143151589522,0.013854031317610586,-0.33485027665014616,-0.17305252850774258,-0.04147366651771428,0.1451750778659172,0.09020436536822683,292
2024-03-04,0.09386295463498802,-0.0009795705972048528,0.0495113332485232,0.17889555267824486,0.1731483691584323,0.10055257036326054,-0.0387029863432325,0.09467515240152652,0.26249131502633044,0.3421832065046703,0.09757516516420288,0.04342232295458952,0.1128711929025409,0.09809303013218858,0.09671752392716164,0.0969158266423022,-0.003323095702682267,0.10782561720546226,0.177998030104177,0.20022374114733496,292
2024-03-05,-0.07267687947719685,0.12022616858603463,0.017060224461747674,0.07132403546692846,0.17090870070298916,-0.10997931363868492,0.07025799100339353,0.15969651394739115,0.11509631587691663,0.26365543180929957,-0.03552545234589126,0.007206985383607705,0.12429391113064645,0.06697133764732913,0.05576695436713697,-0.06068551518015046,0.07984397314937465,0.1314458077524095,0.07380568217014861,0.15675069659807972,292
2024-03-06,0.20867971047085848,0.06345288916813144,0.16073319230981223,0.1655273801022407,0.16519225709336588,0.08397203667108144,0.1215584802126659,0.17396530937659999,0.12196784276351225,0.11519956353900886,0.10015709255306704,0.06218950145113456,0.15770839309845694,0.12539165479984216,0.026818453748312893,0.15665761045637577,0.09276566898393185,0.2044722121452419,0.14963044872943412,0.10622708684308727,292
2024-03-07,-0.10542051443911048,-0.14010500337348133,0.04517550808848096,-0.014793975802568356,0.012052079002354115,0.011326426438775572,-0.026053898976073925,0.17912407186864715,0.060970720616405995,0.03762174633032877,-0.04637586014128895,-0.006411510594398388,0.12343087121959366,0.10514852789257469,0.026697196762163342,-0.0751322351982515,-0.04740650377217214,0.1616454606651418,0.07439559689414775,0.0293520282952827,292
2024-03-08,-0.10097356941059207,-0.0320123420127613,0.14122095960967168,0.033622448884664896,0.03045843343823044,0.009131710238373858,0.05751126318597626,0.1770622615502216,0.025151390684624575,-0.001252802376095207,-0.021579751295595848,0.12261533002858363,0.1457544440299131,0.1213361740380671,0.04183650532456444,-0.0005132694536764004,0.07869158714439288,0.19753601292484801,0.082388110713756,0.03939815393140991,293
2024-03-11,0.0938238519881826,0.20884207686429884,-0.03223287873490463,0.032260038301031704,0.03437436089157939,0.1296467342957203,0.22014570683347803,-0.09386676973131962,-0.0715295266441481,-0.026675801033406558,0.19155339437705254,0.28573260255708693,0.014425691547940345,0.053332411179363826,0.05641571622161735,0.14425628344349614,0.2527756579900344,-0.06934873350435375,-0.027994077449058914,-0.004879984418823326,293
2024-03-12,0.11808696027406193,0.07818492173691251,-0.1438617854524574,-0.06349419949712183,-0.081251991514422,0.09771880090242577,0.041695356024831404,-0.1861332337680768,-0.112905118759764,-0.0643600602836273,0.1638798647877571,0.07167145949768719,-0.14191188119172482,-0.038036019549571,0.004597807379332943,0.12831226662743317,0.07710556623051838,-0.1732509936942993,-0.08494937660580759,-0.04180116085871805,294
2024-03-13,-0.016185923631136395,-0.022344311259257704,-0.1663117726947851,-0.14344959852182265,-0.1533308246504202,-0.05224864883727192,-0.03859240674006391,-0.20529596789555005,-0.14955399121507856,-0.16154309839573922,-0.12276050377947681,-0.058460679188436636,-0.0964520518921161,-0.0798718939554705,-0.07462955742633777,-0.06149608232222937,-0.06548281006577744,-0.17983585310579114,-0.15404365206811188,-0.1359210463882932,294
2024-03-14,-0.04852419541530676,-0.30504544340213974,-0.23098191156651196,-0.15350230105131862,-0.13416988589683343,-0.014798792847319326,-0.24442375792519075,-0.1769744304042527,-0.05090285047565873,-0.010007997047680945,0.024669830902118724,-0.16550965705693557,-0.10367632129044771,-0.03144870590399947,-0.03201523713449572,-0.04158196103926354,-0.30158867548675,-0.22255218404173516,-0.1267130995839463,-0.09202177029183993,294
2024-03-15,-0.3066541122723326,-0.3059493939552155,-0.22236012585816117,-0.14574246061322316,-0.10069369615351949,-0.28441398434312254,-0.3034653106905638,-0.20128883128889408,-0.08865408012365206,-0.04685999588737045,-0.2783829006820502,-0.2744278820936914,-0.13840369259460275,-0.07160819992682402,-0.030125996967238524,-0.33521074667576767,-0.32449825664350634,-0.2333196584101295,-0.1401626355257116,-0.06823653689519532,294
2024-03-18,-0.16067866819052273,-0.06033670738891974,-0.216823352966274,0.010319293067928108,0.0018618482486379953,-0.2382160508546308,-0.19287172577853656,-0.20662954728729427,0.03459796897412656,-0.03664592702371233,-0.08299606614763219,0.14203907058065363,-0.032177397901123284,0.11096334911110145,0.05550470239732879,-0.13725391025675993,-0.002128287643094722,-0.174777501069473,0.0397553040613997,0.021336927266206434,294
2024-03-19,-0.016274969445339914,0.0009656178979778237,0.007571894422882044,0.10699417196876627,0.0414415609052461,-0.07318362607499614,-0.03625742527360577,0.025716585831232222,0.14410762343187866,0.05620338893409241,0.2384168093311416,0.115387322238564,0.0781421584151087,0.16597201274604828,0.04122784824885099,0.08562708227315823,0.028402181067931475,0.027571986202731304,0.13691637353737002,0.0638408391916178,294
2024-03-20,0.0628043019208829,-0.009680283019692293,0.09334891673799799,0.08507435812430285,0.015905162682128066,0.018023932855531916,-0.05930196865731723,0.035010454360554,0.0396519010132736,-0.002889987456652167,-0.07151007302993752,-0.09293725860738343,0.0004497543425090573,0.05680274537942552,-0.027796303506891263,-0.021492945654137858,-0.08078916120343115,0.004530292333676112,0.058997476418761116,0.027089146314473837,294
2024-03-21,-0.1301269567012891,-0.1823740600832165,0.054538024593424154,0.030386733578286345,-0.02977562982333958,-0.1287319687548633,-0.14236172496557484,0.08064581249181077,0.04458868238007388,0.024290285880777147,-0.0786575436000691,-0.21031561423930162,0.06399613505577832,0.023853972690571747,-0.021770821817666524,-0.1010755747104993,-0.22937860901947996,0.027340401471173083,0.033377228089537136,-0.004233687958710062,294
2024-03-22,-0.13549338633609878,0.18331414968149665,0.0770313564129418,-0.001572697178703301,-0.07029491438513075,-0.19706724496095235,0.1752042450741868,0.12208655441068099,-0.026375311328414065,-0.0534640406826994,-0.2672718759278971,0.09922559970120323,0.20983430181879706,0.028178921805049068,0.05868406067032519,-0.27623153290373315,0.1387558095597747,0.1281032576034005,-0.02908516342466773,-0.014750264089038439,294
2024-03-25,0.2528433812980321,0.17404203372675187,0.14452511329500037,0.061793588926692636,-0.0326354129326785,0.20798208918122685,0.099156755836669,0.09368768440868552,0.06875659363208655,-0.05249786615635437,0.32651266135577334,0.2676678792722526,0.24325484514419818,0.09553648806637391,0.07174600785485948,0.3272878859850765,0.24947024117595926,0.18550971435058838,0.07225893072924702,-0.01094770991059697,294
2024-03-26,-0.07315768728524853,-0.16685208345295807,0.017847656447153,-0.02724070266648803,-0.07517111460377417,-0.13338789978967333,-0.1893583373045489,-0.001067339191807664,-0.03977942506845721,-0.07183764887326147,0.0013450714532388436,-0.023283651614595238,0.19660388347917002,0.04961164943194255,0.04791447156622157,-0.06122341276342823,-0.14479090809937425,0.06794487662716332,-0.025309757778280716,-0.05330395810086485,294
2024-03-27,-0.15758121022110808,-0.14869383872523684,-0.0388037041906192,-0.04531358575715455,-0.07080525525671451,-0.22189079751299504,-0.2535520083882524,-0.11303581617270698,-0.09005314793689813,-0.06497328412800757,-0.05521879461410067,-0.017119663806427387,0.030367416104513358,-0.03882700520206353,0.033128136662485666,-0.15723448853827693,-0.16901514853462588,-0.08736521127855242,-0.08491272485199938,-0.05878365456133636,294
2024-03-28,-0.10922663957854414,0.017143504463313836,-0.0991813991869493,0.025439962489830104,0.004294725481030098,-0.19645860059384246,-0.05721222695261988,-0.15992179716427635,0.006054607397458635,0.013982447565831372,-0.01631791622338588,0.10105006139247041,-0.04782258617783589,0.056624784309889986,0.032800408224442835,-0.1546013556654454,0.00909789803203695,-0.14810563791861808,0.03213123455458247,0.0035881670999314314,294
2024-03-29,0.0378006982577127,0.1535624591815049,0.03832951529928577,0.15256809712214517,0.04685838639554815,0.00763005061256627,0.09898484231005049,-0.04287972250088537,0.11121631145839862,0.14666246390475146,0.05559615001301005,0.21598903670893285,-0.016560117062213567,0.08945331290543443,0.005823803584584549,0.0253919085057477,0.17533643148070827,-0.02492720485972682,0.13156006474186702,0.03561628310562984,294
2024-04-01,0.1035780318054505,-0.03706239747874945,0.09694089390807992,0.05082874911742176,0.031594602602430084,0.06558975600635225,-0.1474809570241479,-0.012024657421615815,0.03818212509088797,0.07884759859125301,0.17262344761898915,-0.05879276304282732,-0.031083064576013432,-0.020509225741975494,-0.022727926948183878,0.1336773280520987,-0.11073830037476717,-0.007634843484520672,-0.00588611998221267,-0.02174447089493681,298
2024-04-02,-0.11543739231478167,-0.08927466218609918,0.05331722056853152,0.06103638891895195,0.008200701476616862,-0.25264188660907844,-0.14803299996279168,-0.022221232156994265,0.04092327334039648,0.046427390006216804,-0.23902593599756478,-0.19019436819235627,0.0011422325274095084,0.023058322936336938,0.005398210913325136,-0.2559709698024168,-0.1880657525640324,-0.006022492179602081,0.028235956700608418,-0.010997285368274356,298
2024-04-03,0.023186462957052897,0.08367307356545446,-0.010451870819150647,0.0290773342808361,0.07951051709278067,0.026333985690959072,0.05610618528953569,-0.13895433215539615,-0.0182122472975868,0.05785244170878103,-0.082766456595519,-0.056507317949060165,-0.07998464510320218,-0.04945902154920406,0.005282575325371731,-0.037210100479791675,0.004449704734703589,-0.07478368202002589,-0.030802518099506414,0.03995761524898799,298
2024-04-04,0.12298268191769547,0.09785980217519721,0.05725339171680563,0.061685206798211066,0.1256317253034476,0.01776630972999309,-0.01194581056071763,-0.03372475231066131,0.004670167440625612,0.1523930467612989,0.015049764183490527,0.0007766744447632694,0.018944631269018578,-0.04471805637553323,0.09360676623262576,0.06188473473758325,0.03903958390923976,0.04345533545683228,-0.008174493489868715,0.13759352860607602,298
2024-04-05,-0.006853758525965399,0.00040338343994019007,0.04286979771062934,0.050705530142973076,0.15907337706739252,-5.8089712279995916e-05,-0.09371763592185109,0.038717448988263445,0.011110866747368307,0.19089740091565552,-0.02399502125427945,0.04885291334374353,0.0739184632370004,-0.059023187037886254,0.1165024475911296,-0.022205246344905626,-0.002700106860328882,0.07496547737255796,-0.03007087329531091,0.14853992087011667,298
2024-04-08,-0.05977353982875836,-0.0971610129210533,0.06336127880865981,0.08991106034390846,0.21268834061439643,-0.1737174720355746,-0.16189542267517587,0.15000134338199136,0.08194653429003823,0.16758190931948844,0.006134652041642886,-0.21917265804674388,0.05514075558455921,-0.04695352782805321,0.10717820393902253,-0.052765188193085594,-0.1575012071436404,0.08973906821389069,0.011740948655684352,0.15147552834604644,298
2024-04-09,-0.0890529158195206,0.12634259352886043,0.174975078779295,0.1149184890243556,0.1618259477996009,-0.08556382754759728,0.09552416410819389,0.22694068244112015,0.06966413243887333,0.13040878267581862,-0.28727653999392583,0.016563108441895086,0.09826308127529336,-0.016811313753383662,0.07254272197446318,-0.19391647842800747,0.09837455508032432,0.14995978958628506,0.02075070943565343,0.11680978763064459,298
2024-04-10,0.1832392506552527,0.17818823053420912,0.15866029302873697,0.190241934203515,0.17817596814621686,0.049252644357116994,0.08657304751191368,0.11915118030684929,0.12730016786266427,0.1003356045552642,0.2814911758755469,0.27089786531356747,0.07684058559026997,0.07247703557430783,0.16252052010327198,0.2501765425877997,0.24236339610677482,0.11703919785024748,0.12635062007117628,0.18411249577150524,298
2024-04-11,-0.004951757916088832,0.09432104397739642,0.04623945236794857,0.10374532245940694,0.1259917570114256,0.014305341424590688,0.07597043034893175,0.009682962174363308,0.06382721602848608,0.06258683736069233,0.08735067990300702,0.047005351404290414,-0.01165246529547941,0.0035349563984667944,0.1321869894542279,0.04716638726316282,0.05167481169571586,-0.003520211457586923,0.04219725077246746,0.1212508026221581,298
2024-04-12,0.10471802728761063,0.18971534579030772,0.06864135562546146,0.11946222290638031,0.14692677311261337,0.07702948275102958,0.1734419279688479,0.006822742687244596,0.04850669832111864,0.10443897321580461,0.023412955330207316,0.14166515038567748,-0.07039796918323943,-0.006360355732991283,0.10191010238245267,0.052861721170534684,0.16676132647205635,-0.03082046813739845,0.034953046057465804,0.11082684301970941,298
2024-04-15,0.18942929366530076,0.022665519512288984,0.004805053466824947,0.045849507824175496,0.04815200145232201,0.19179236336291372,0.06795551662867005,0.0010055574337472298,0.08784454040082608,0.05129548088384294,0.10711590436898134,-0.037866245938955496,-0.10393304832273287,0.011102337254754565,0.053732558585603225,0.16186069112458565,0.009393619430878814,-0.051320159742138494,0.04512828189385958,0.04467894723482751,298
2024-04-16,-0.016590733373114393,-0.007818702739903363,-0.045769147973848706,0.04372875823497782,0.009830456220817768,-0.030233829974297514,0.019790533727951583,-0.06742047413716708,0.04683737738731089,-0.008619616594222336,-0.062728930494333,-0.053209775460363644,-0.06392713864645838,0.03501703030986449,0.030487849129583945,-0.03692703336805088,-0.03010853765627563,-0.08214560660311951,0.054027709534797956,0.012519382631011778,298
2024-04-17,0.013146463607572373,-0.06511049902141922,0.011687291756787965,0.11928078962631056,0.0004815637125091671,0.055906218479135295,-0.05314193794976554,0.04200830025319196,0.08443757790002755,-0.005580485057584143,-0.04794360123472759,-0.036465047156889904,0.006621401603187236,0.08355357614252902,-0.002313835182124075,-0.009600087494427706,-0.06638024886351349,0.013809056470055649,0.10823493353013704,-0.013761553693378586,298
2024-04-19,-0.06760046588882447,0.016964993750430844,0.009876829734612897,0.16584926315865328,0.04404674827851834,-0.1792747445742038,-0.07755281226626452,-0.056242659205075124,0.07923717121655202,-0.028154998391356722,-0.06379702597242999,-0.025520432019182412,0.006286433768366878,0.1326782929198885,0.00304440783856983,-0.1120044554519919,-0.011227951263657998,0.016401293453509116,0.13542246954050977,0.010792987448954768,298
2024-04-22,0.05217458079689701,-0.019869736245288983,0.0426008416054975,0.11955514244947686,0.027061067808769677,0.09059976376685262,-0.006328591912973872,-0.0005490544985693389,-0.004559410073748747,-0.056559405253111164,0.020921319460636745,-0.007787203245961704,0.05864374589308036,0.11152429171956614,-0.0014767563933856718,0.05085500040156244,-0.02039412050031564,0.03084321016333337,0.0868097257708543,0.00033079785881506786,298
2024-04-23,-0.0441522831751029,0.04072855651270789,-0.0003462105361723678,0.10120777952970492,0.04808711935683463,-0.10058184679755507,0.0027222072534324104,-0.07955142968799081,-0.10673627924378139,-0.1018948558869229,-0.006305350535285737,0.07476000560789083,0.04526776456505594,0.07702971069462747,0.020127736263412997,-0.04212192053917669,0.05942619951363327,0.018533378303800422,0.052873298440379156,0.014534933482735145,298
2024-04-24,0.16749284684565965,0.08105206961120859,0.07953452418454858,0.025495734727851407,0.010710162402640461,0.07821611743566141,0.07642945488606465,0.03805916061169323,-0.10865518250632115,-0.07484877066811535,0.18515474556717787,0.06124922775239207,0.11722926469074224,0.05694959236458986,-0.05103785107849055,0.16602258286861735,0.09021517995907931,0.10226247760301199,-0.022057670689781345,-0.022363122716172266,298
2024-04-25,-0.05517795642889312,-0.04437996057903442,0.03633875037192514,-0.04588125023220053,-0.05196134103162054,0.10886304595845857,0.03095268360249213,0.037723344681091085,-0.015270469210265028,-0.006777616611090058,-0.07967606631783851,-0.009551813761790888,0.0975155490969496,0.0331471218685652,-0.01600201626568858,-0.043803490631438,-0.01888928524549867,0.0690751216723876,-0.01796356409051221,-0.009960894877563962,298
2024-04-26,-0.017517493283842507,-0.05522291136534371,-0.023955284829661187,-0.06443439848590356,-0.04990089810500163,-0.09170005896034614,-0.0689176350003268,0.008704189075399242,0.00015780647193017007,-0.07848079511285284,0.05341013881110561,0.07250061233916058,0.1436222923998685,0.08478179724025653,-0.0014225036564373828,-0.03562995546641921,-0.005045530648629437,0.05890416549649836,-0.017247839261781563,-0.04239703764436318,298
2024-05-02,-0.17092382583362306,-0.06978757046116264,0.08045806641488162,0.09268716766430844,0.02681160682435401,-0.05755580892796718,-0.12067769769678977,-0.008686068942737636,0.017471931931198875,-0.03031508057757849,-0.016163360670082536,-0.0018926319928240056,0.08442237395132876,0.11029293457950431,-0.041434206946833224,-0.030349586817600756,-0.06833402926211161,0.046984968848053775,0.054935113081406334,-0.0032793081268241227,267
2024-05-03,-0.033154334477746794,0.03525175288599214,0.008026644590446597,0.01913279625750923,0.031755116609097626,-0.15725558019412486,-0.05974423490624481,-0.0014336655436634877,-0.06005299915882278,0.002726715348255274,-0.013839850924214279,0.08446344470567661,0.12299659504960082,0.05624069128165016,0.03541613024299909,-0.09887704982502435,-0.01373511492887164,0.019746630823695734,-0.02147737874035113,0.02814474602932068,267
2024-05-06,0.13494643196001488,0.10428873056534102,-0.01760519766795523,0.0010867543919397937,0.08001070060346017,0.08151653687084338,0.15600404805163595,0.004781980598674029,-0.004628170243031478,0.06886042702877526,0.1581533551077283,0.20776227956684806,0.11410210387497415,0.03434597467360272,0.0031599611197276954,0.14266639360573594,0.15692221228000358,0.007652493082253078,0.006460272507879519,0.03424281096883376,267
2024-05-07,0.04380288145859738,0.012573058427612305,0.037459896304772505,0.01126511082437059,0.11989214181051192,0.15388571942955015,0.11462089583229146,0.06054536167643385,0.04781505945540992,0.09125326181458,0.13932592825830706,0.15932545893816216,0.12506165756069546,0.05207356866707307,0.043448441288447645,0.09313466690894479,0.09698625669130415,0.01869025712582871,0.016232986351334282,0.06893075527833735,267
2024-05-08,-0.03370860922135299,0.04618807601798191,0.14983475366214508,0.035610630859794906,0.08005767327339045,-0.14805393572921186,0.005889972471094991,0.12943313721468966,-0.05326957724897934,0.12595665833640196,-0.036046253243505244,0.11912982804315637,0.13862050770337028,-0.04774135399547746,-0.03174385009838984,-0.08268340759033449,0.025314081450013865,0.09197177295601645,-0.06211143119192538,0.055253190463831474,267
2024-05-09,0.0591366661473091,0.010777558441759321,0.16700289394496315,0.09764302669988717,0.07156205239062752,0.004846393638175455,-0.0833285128850085,0.07973127849171444,0.08824004117261315,0.16897114243530256,0.09379395334481155,-0.0309814410353276,0.12975122075679202,-0.013609536447649138,-0.039800217303794495,0.008739904935780564,-0.08709801674041934,0.08216334035046875,0.018558401342933985,0.08112240153501857,267
2024-05-10,-0.1355868984066148,-0.038304697348088064,0.07031962702857975,0.015780715090569265,0.08159074195754314,-0.1911266441633688,-0.08486202377467228,0.031849782082776106,-0.017556042969764044,0.15985817172947778,-0.20562237716210566,-0.08917217072815611,0.01308572063582829,-0.08859134542319995,-0.010532611134644364,-0.20526795797253386,-0.09609165702320714,0.0057743629382532415,-0.04900895187101046,0.08839427202258718,267
2024-05-13,0.0035695873219002694,0.20296941078514785,0.006577615246309834,0.08313228196262319,0.13388504823015243,-0.07011548925089382,0.07747979182563001,-0.022555799629357703,0.10181249271506115,0.20921151803868673,0.0661716685688038,0.19131464857085578,-0.05823072624560684,0.024032584362354996,0.08654797778896793,0.002985410474094895,0.17489321818415648,-0.03177494762891322,0.047674296375454166,0.14676335327796622,267
2024-05-14,0.10763910303861002,0.07525401535624476,0.08243949041722773,0.14559872087601222,0.14610236607245902,-0.03884634266591053,-0.08827683599789646,-0.016582215120219127,0.12781565237472103,0.1284829318898822,0.11305634190969355,0.1402378855130333,-0.07881918146440778,0.016650421828254956,0.030652328998044355,0.06825974012677011,0.05319826470248869,-0.02867187025720138,0.07330491871707687,0.08134922793484219,267
2024-05-15,-0.16024469025422708,-0.05798503495453565,-0.041888610657951485,0.023201064998837662,0.0912419517491252,-0.19963636139769375,-0.16764540054382682,-0.14978249940428112,-0.0028238418247557187,0.09513307951232444,-0.026817920797958403,-0.09708695778724884,-0.19184089736611007,-0.08009239407268998,0.033635436573182145,-0.11998016660692222,-0.09581228109998079,-0.15582126211346,-0.0364032236843732,0.06574569856579186,267
2024-05-16,0.04233313878684189,-0.15034271279071687,-0.01957641537741759,-0.07458426726734976,0.025959747035571763,-0.05097070273113411,-0.18701482009968606,-0.07489810810825785,-0.0013923849125674393,0.09313462646013174,-0.04450803745008516,-0.23092580226422266,-0.10317879611933808,-0.1160241811203413,-0.001356312899532317,-0.04104793996878291,-0.2158982043257876,-0.10446232944496457,-0.09495295934774761,0.026615927631340332,267
2024-05-17,-0.20667982530221402,-0.06408889675961178,-0.14658584802358332,-0.01036269062996584,-0.02949242957020879,-0.2780566889881984,-0.10131859567678198,-0.2081661622364098,0.00914609639180447,0.011251751880233918,-0.24294659933739743,-0.07266435668980516,-0.14919219416139323,0.008207206114303619,0.018677740326113332,-0.2367836713516202,-0.08884592282607401,-0.16938262102817492,0.009527538387947006,0.020112183377113367,267
2024-05-20,0.1175322548411745,-0.06349660524668689,0.046692001694789216,0.10651000778105123,0.021453459985848168,0.11613209159975868,-0.14843993689920906,0.029186617531286554,0.16762394542832496,0.10622008791439835,0.1946631819320897,-0.02634615905686013,0.0664128777529568,0.12549674853913273,0.1333048743162797,0.15322666338911772,-0.07971318950354439,0.057002250565693864,0.14013892561278105,0.11029422433800078,267
2024-05-21,-0.24421849634825424,-0.13196847870081305,0.008576380262138633,0.05209394565994557,-0.03418422092796363,-0.2793565829178827,-0.18993543285031844,0.00852217162878532,0.09927935998418211,-0.01852474985144732,-0.2282921442793996,-0.09082313403001015,0.0692785207375199,0.059681953760955836,0.049483483186084636,-0.27757655319559515,-0.12876053794541878,0.07051658639505615,0.08980408346781714,0.060504151318346584,266
2024-05-22,0.060895194061273306,-0.08868214839583007,0.0459201969219829,0.12064694935203985,0.11048915893844603,-0.005117463800381325,-0.1588235895219397,0.08592892708238899,0.1405660873605832,0.10645270816119486,0.1352880541921957,0.030336131509207914,0.14459915334425236,0.17777626234663352,0.16779198651673727,0.13588756135915642,0.01135941217801609,0.15846654836145863,0.21039086073631003,0.188709314945362,266
2024-05-23,-0.1727122225589891,0.0214740239523858,0.07058401156379493,0.07213808229197811,0.11036139375905143,-0.19359098239992772,0.01713158767372558,0.08248520795630794,0.08679003357164634,0.11965201069817642,-0.10044300322854763,0.06855426670783771,0.10923188342341111,0.1070154924762086,0.1620873529276374,-0.10322784469154458,0.10566264402872415,0.11972207072133201,0.1433096713854228,0.1983149508125933,266
2024-05-24,0.1887895818084765,0.28837830191665587,0.14858525289421748,0.06795404659111919,0.14426647834561976,0.20717272433913733,0.21658498647393246,0.10351867538334304,0.07062822763901493,0.21447409990367158,0.20026525073321008,0.3163798542783526,0.21225205502458194,0.10847948816368211,0.21108186416147598,0.23476360284927644,0.32929339473200464,0.20367243193426016,0.13163097026548262,0.26146143063500216,266
2024-05-27,0.12209861382623051,-0.11122848407467034,-0.026930134534907436,0.09214843243136751,0.00810600673132585,0.029684228209129214,-0.1427704993398776,-0.06615402521685936,0.06326313146908684,0.13625482462318095,0.19815667400802728,-0.05436594707557122,0.02559591358365507,0.1269350590517541,0.12411294553879766,0.12954622686197412,-0.11525599095094874,-0.04619543822051583,0.10814981888485574,0.12886634912717873,266
2024-05-28,-0.23373782751310132,-0.05558733425746325,-0.1072901450168649,0.07788242248281849,-0.07183317675431848,-0.245412128116828,-0.06196249926343537,-0.07095400192467033,0.06699242457554752,0.06478252033431095,-0.2512754062611739,-0.05215099130844219,0.010529999141742477,0.12603969740211798,0.02452968537497844,-0.27033914658325325,-0.08031663366113427,-0.06021409067440883,0.08029903205235288,0.019251861976923777,266
2024-05-29,0.1565590336804963,0.07494873719067342,0.01884790666559494,0.04305460066455976,0.042874582762884986,0.1617772171843848,0.05746510987971718,-0.01021744550793516,0.008558735907235387,0.12706632087912198,0.16051446998745808,0.21782594673675493,0.1253410286198715,0.11878945463842129,0.10613177359411023,0.15686273106909354,0.12010730551764735,0.04574561627300746,0.06950948340618625,0.1018265458857283,266
2024-05-30,-0.1339450012461356,-0.2537522826219535,-0.2097594538475059,-0.18092191773058108,-0.06364701043666422,-0.20514511706771307,-0.3286122313402461,-0.18010038222079283,-0.14627566485200244,-0.07902740310361625,0.0521660573829971,-0.06019866071863284,-0.0023237301727136407,-0.005473789050689408,0.0273552858913343,-0.09346871936826504,-0.24253958451929006,-0.1352602273930619,-0.14190386447600584,-0.055949410832459405,266
2024-05-31,-0.24942948186390823,-0.21095220041332807,-0.2172429463450028,-0.22208640296784946,-0.04993385342258115,-0.26561998050911156,-0.19560289308580003,-0.1808047776042379,-0.22582036258364233,-0.07799423667216838,-0.16554612883526248,-0.06355513897331642,-0.06191579009575073,-0.1210290743533557,-0.04681187489616201,-0.26856388001414316,-0.17715319275212174,-0.1735246703180514,-0.22281997421596253,-0.06372035922945957,267
2024-06-03,-0.04087679448541508,-0.11322238509761991,-0.020945684725256885,-0.013582534495557883,0.06672166969092651,-0.007777588981658971,-0.09241766097469113,0.03369594205416188,-0.011921235933354356,0.08051407278884838,0.06784203767856638,0.036597614624307294,0.09468625325855243,-0.06383538423477422,-0.0004013496819410356,0.012130793046300442,-0.04594628782762668,0.041246278599888136,-0.04656865611271113,0.05478114842773018,309
2024-06-04,-0.14177326950967603,-0.04012804171657155,0.04505659946178884,0.050489888072051764,0.09991594483961987,-0.08625426940723382,0.01268675235027158,0.06776574467585787,0.11916042087989775,0.18325718928305268,-0.022740492130095206,0.004904981120671893,0.10798575828057844,-0.06642859838034124,-0.014564032336001804,-0.08030088643495727,-0.001433818596816522,0.08787117948202783,0.02335912997336886,0.09298088450479314,309
2024-06-05,-0.012020668455183273,0.042106548909639274,-0.03910744105935262,0.02731814942648713,0.0869371028676487,-0.005710615554648371,0.0041922858521355995,0.0016790463121670424,0.06798692004058977,0.12623705644882371,0.03406283887468025,0.09839392306799138,0.07386625890639054,0.04575228333072501,0.05106831179447846,0.0017450007205676021,0.06412252940185748,0.02297767556777725,0.0423714043415267,0.08665694436509093,309
2024-06-06,-0.02303355642360745,-0.07897963898776666,-0.15961212380166326,0.04371954384778349,0.04853510529267455,-0.013598580247469943,-0.04464545335764265,-0.14431893375146265,0.08487876583178904,0.09318292283651654,0.09803387612017511,0.10243374129445877,0.01411595018174568,0.09080223659161255,0.06377896365693991,0.02199997855305504,-0.021676525881902522,-0.11093916052464217,0.08580348322053638,0.06354782488456791,309
2024-06-07,-0.039299282556823696,-0.04134097821128411,-0.06954099143131288,0.12209122489991316,0.07641362914147722,-0.08488315408787646,-0.11592629497962695,-0.14751609549875724,0.15447376358030632,0.12299292922162026,0.057003238655788234,0.08533633883949346,-0.12870556257461405,0.11784308181871574,0.062117633669069056,-0.03300113821675552,-0.01876456194304746,-0.12267613467413485,0.16280168901592842,0.10856014981692706,309
2024-06-10,0.0010355284652886138,-0.04733388221843599,-0.08017338820375731,0.009276036819828049,0.1037631154936609,-0.06694770363084757,-0.07745314853060475,-0.1001613268841713,0.015348104757170264,0.16663109432328804,0.03561568951886078,-0.028352583488956442,-0.12532796151359002,0.006715995683042862,0.09208480223607214,-0.0005920939563699806,-0.05058844556592392,-0.08776910900054316,0.036530604338488634,0.15936010048011712,309
2024-06-11,-0.1265168974232508,-0.25934027808955307,-0.14583979992513188,-0.03558376970652197,0.05263426052333596,-0.14210583940091584,-0.1987655672840492,-0.07844838469158152,-0.0023790155294663735,0.18283927093243632,-0.10472256303893043,-0.16547404821389622,-0.10609529168036903,0.0024079222536979978,0.11482616619739507,-0.18870638910725163,-0.2763514203595704,-0.13124585637537767,-0.011321982608689687,0.13029381806926482,309
2024-06-12,-0.17462794918242286,-0.24795363476301407,-0.035036448792577335,-0.053967025210587785,0.03811603515454341,-0.18450951396163157,-0.33085264168082723,0.005965413495519182,-0.0318005244636161,0.13637082817316865,-0.12692602496345726,-0.22775116890256794,-0.02685902136177364,-0.0035778950366068575,0.043452793998937644,-0.1685564203933728,-0.3079112263109284,-0.009325470829340064,-0.020354003267513063,0.08867874262049041,309
2024-06-13,-0.16057465948883703,-0.08971171569976283,0.028881133698157115,-0.09483169362490786,-0.0007342918694972521,-0.19736579203808036,-0.07801151606762453,0.11840985272668439,-0.04662839841553069,0.1249954496637251,-0.19888421437809534,-0.10766642829795689,0.07047270258714398,-0.024252131295953622,0.08771883647924457,-0.2520157718653828,-0.10304918139885816,0.08265426534418144,-0.09278579879924741,0.07502370750621594,309
2024-06-14,0.1350195169258347,0.051181321582648646,0.1627483534249961,0.027301375958536475,0.04738153101119293,0.0869366903426746,0.08563113519366553,0.28537700808681976,0.08439267139246473,0.14723244550213138,0.10157989368904331,0.14360347912515528,0.3171351501350505,0.10287843008780426,0.2624522287373518,0.21240243765288702,0.1873000823369915,0.31485746663308334,0.08272683606907473,0.20836675493187196,308
2024-06-17,-0.0014253878766520623,0.060400067049767345,0.06161902051518562,0.009380565643974687,0.10735051241038478,-0.06413842460100996,0.06155196468621107,0.10606318855604395,-0.017918898693755014,0.10972263107685679,-0.014628941792548936,0.15482122559964057,0.09341925842850982,0.03774742869659856,0.2279374557519256,-0.043054094186121786,0.10097565290711961,0.06247268778525418,-0.02654946764985529,0.13951255263871576,308
2024-06-18,0.14527556118527182,0.24361139674616605,0.11790543041975644,-0.03120544972588673,0.12128446393278706,0.21529988420114776,0.3208446497057287,0.13113582882686786,-0.04595269463240996,0.15389324332865664,0.25934976167806956,0.34356010761652006,0.13692041198771746,0.020126854654617575,0.2105653662422958,0.22494716255649982,0.3288500166921067,0.08368231513923612,-0.06819017472980557,0.14926454159937164,308
2024-06-19,0.24561656752919248,0.303721724340266,0.0985605152910944,0.0005063261157926849,0.1218648154708194,0.29237133898988654,0.2876317519286693,0.05535243281864327,-0.0455305829678346,0.11294931002342759,0.22517181961882982,0.2404424844542555,-0.013363796134109795,-0.025400992552953326,0.11756627796387845,0.2999663120513062,0.2909127662122708,0.002467592315607396,-0.06957195305032901,0.10012359353316784,308
2024-06-20,0.14923986051569677,-0.10972669260649152,-0.11531463233927935,-0.0839853630180669,0.048881457705394205,0.1080841181836369,-0.1308972817844816,-0.18967603409196826,-0.13381247008740663,0.03225998888833299,0.11900068251476158,-0.16637098235024197,-0.17489000852952785,-0.10923109085090747,0.06561756146340454,0.12177406378383698,-0.1584684820599454,-0.1998207628195819,-0.1414026352576316,0.04299983356012775,308
2024-06-21,-0.23311240471815897,-0.27188327366423126,-0.2936169011785651,-0.11506568640412394,-0.0073591242111696676,-0.2723223219594175,-0.30769079218329676,-0.33302242427818374,-0.1428687601939739,-0.04122398973581724,-0.27303325307793713,-0.25263599884638,-0.24793425163353727,-0.08562034536548195,-0.0072939526171078095,-0.2612471148921677,-0.30945246848053853,-0.3221779816952114,-0.1368522174733532,-0.029746698713202357,308
2024-06-24,-0.1250914853749676,-0.030555034946346676,-0.20483397698219655,0.018593773872855768,-0.04533654461363417,-0.21737864389815298,-0.10640623873922159,-0.30451891258921093,-0.051727443160476144,-0.1001331521835256,-0.07345072017853814,-0.02321506095688205,-0.13134642857593926,0.11813761080909742,-0.008495098419415982,-0.18055893362690478,-0.07463464372878625,-0.22444498879122673,0.02549859345210443,-0.06575898387104602,308
2024-06-25,0.10058694470895262,-0.06007976573849934,-0.2080523031665387,0.04398086740162864,-0.07455450125588434,0.0569505470257418,-0.10024743175138144,-0.28866499839501375,-0.006827142173470875,-0.06754227302482697,0.056984766648352794,-0.07451341705900238,-0.2097432794496808,0.1799827139020658,-0.04044395361108082,0.08706757778561036,-0.08429216046879741,-0.23878813595576417,0.09105039137924484,-0.07877894786559418,309
2024-06-26,-0.1784433047550425,-0.19194249491242227,-0.20057958829409606,0.06427096028945913,-0.033756820422831034,-0.1886537941666717,-0.19527487903443946,-0.2554579658388836,0.00660183877515679,-0.08550449118253191,-0.17816449696672162,-0.2201673664160324,-0.19687353144788775,0.11857439717422223,-0.0406007540787494,-0.2069745535164176,-0.21914087317163902,-0.2248035713069617,0.07737249284897711,-0.056026691657447274,309
2024-06-27,-0.10502715968610665,-0.1650170548009904,-0.06638818357355701,0.052414253887608946,0.07124345872369238,-0.07060173850847651,-0.21506879596675257,-0.13704429383332092,-0.08947786690155048,-0.05670941681806707,-0.1817179870792338,-0.18582670341821597,-0.05685465646385868,0.07286643575234342,0.001705780088854908,-0.1379677368839419,-0.1814784475193798,-0.08195747120035607,0.04215259637305712,0.015890546077061658,309
2024-06-28,-0.1266710667003929,-0.17308462470996636,0.05851843134290142,0.14693949066552747,0.1260042432420342,-0.18035293335296793,-0.25600660389863494,-0.09668923066235838,-0.036069625140348005,-0.035447743740934484,-0.07892524741921561,-0.1627965781433944,0.11123257926743009,0.2069211305142455,0.07616174971422589,-0.11539580139652644,-0.1899124735978601,0.0550757347165935,0.16340648615174855,0.06379633979444618,309
2024-07-01,-0.12441709003476428,-0.01682131994991368,0.2463912608886625,0.17689021166245344,0.10743071749763167,-0.174628807172698,-0.19673085282348546,0.011563074538289465,0.039438020650616815,0.00604708797348848,-0.11460125930409032,0.023396590325267863,0.32416033616443346,0.2504002162009403,0.13071106460940216,-0.13057971072542143,-0.02927952010702003,0.24965957680112455,0.19385871221199302,0.0996430160887012,327
2024-07-02,0.03182433941580892,0.0869320495552319,0.1997252601936737,0.14666288533684077,0.14483828832644388,-0.08134290960026205,-0.06947797539035416,0.03114189348762838,0.053330555688320326,0.11490063904062287,0.16383905745191168,0.26434348613787173,0.29407161720821606,0.23616482967160532,0.21226972205651642,0.08584280983454305,0.1861626498960228,0.2503135677352698,0.21423846037828032,0.19603125867943558,327
2024-07-03,0.07953838154375348,0.10425807319047933,0.19787170426246223,0.10382030550873045,0.1313076416518508,-0.004906982936036516,-0.008955490534954546,0.07242054083779595,0.1385470194171597,0.16229110311325246,0.17404632728255218,0.2520922084193218,0.23991914305199613,0.11947400150255437,0.1409401831564647,0.14697510214732487,0.17161742913884753,0.22584162331463517,0.14223889298130984,0.16392644825868063,327
2024-07-04,0.09588103186817606,0.2267309035233966,0.10342201490967129,0.13916855986014146,0.12764843048024707,0.0891749669432884,0.2212759462487409,0.10261311360339,0.16259699280725814,0.13081485737116239,0.18001073346926427,0.3001696573113431,0.07585673185444777,0.0743138800590445,0.11436882425091119,0.1336132479583115,0.27691019987422627,0.08995619887072492,0.11194329581643127,0.12541466669140633,327
2024-07-05,0.22837620135440614,0.1419946280275897,0.08155944538007942,0.11473139920964057,0.14976134914330103,0.2592147925908816,0.06602644445730908,-0.003915111458181543,0.05407386675798613,0.08608845994359092,0.253917851961867,0.10764298193154974,0.048398852414488824,0.0697981775315461,0.1299356799772894,0.2600032964108543,0.10808482953379273,0.061303166341739906,0.07123099993962122,0.15033936497262082,327
2024-07-08,-0.11903343299564077,-0.09705920997697245,0.017673546330551588,-0.061484358893034566,0.014352593729406733,-0.1554704585222363,-0.15693622752237366,0.0046078619765090945,-0.11836074600982513,-0.03582209824462178,-0.10744836713904928,-0.11189076293458815,0.027744396533221343,-0.06594787822373388,0.06899119586469687,-0.14728175983712474,-0.13017340799645294,0.02004234601805643,-0.0869006105552691,0.042689104354881,327
2024-07-09,-0.036186455689470626,-0.14035037575850567,0.04551794950985851,-0.06192694583342723,0.046675893094805826,-0.1217460333170168,-0.24514612830720853,-0.014357260601753592,-0.15965547238487607,-0.016126780726147625,-0.032210898174026115,-0.15619100480395492,0.030183118564388926,-0.08064711630264967,0.0738570023178138,-0.04397248650724734,-0.15815519353145785,0.04603301828623061,-0.09004416675311745,0.06753754371352609,327
2024-07-10,-0.20307136086359684,-0.08626311511918464,-0.0638604656509034,-0.07266842286357218,0.023707645297605117,-0.26910397911154355,-0.11791200441049303,-0.1322297712328963,-0.1202076335353917,-0.03299897187089223,-0.22541812089455676,-0.05862382143107986,-0.09380984740672488,-0.05008749792478571,0.08582306088712542,-0.2381900632379973,-0.08390992477463674,-0.10269549266001095,-0.06665173764387515,0.054642792701699215,327
2024-07-11,0.056774829378058445,0.2077027555933049,0.07556247481521852,-0.013244921172591085,-0.004790267980774698,0.024868804142161742,0.15747504951604008,0.003331419148735878,-0.06363503608171621,-0.04645353591087912,0.03676355364943818,0.2559031452048086,0.0477454385515144,0.006802525601744516,0.05926282090410035,0.02641224417387963,0.22882749592136267,0.03686113873184063,-0.014831712945994422,0.01955310665778983,327
2024-07-12,0.2012341229719228,0.07308444132519343,-0.03022482567034744,-0.03359952937953985,-0.04936895667624057,0.12911975524410463,-0.009721832470181867,-0.08538224759022107,-0.04470993087727802,-0.030967249504768365,0.26607668633367265,0.08728787878361477,-0.014986586302180001,0.004982441109042976,0.033135584519434026,0.21067993034874988,0.05713628428899079,-0.054503618840261246,-0.014066136288918233,-0.012696874309318316,327
2024-07-15,-0.0687075234400253,-0.12578416522609737,-0.12323711111313738,0.008301365323196048,-0.013620711117917333,-0.11937552856833648,-0.2004562836927915,-0.14603644021512246,-0.010054469647068303,-0.060479358551542496,-0.1328966991035726,-0.2460859133674596,-0.15126467844033728,-0.01865433349494962,0.004140581812583052,-0.10334189129481004,-0.21511433262182553,-0.14953568359302133,0.0008406609458636291,-0.011385042295208045,327
2024-07-16,-0.12071003581195586,-0.10146853369153609,-0.21001728656094554,-0.019367117966739344,-0.04318345401147159,-0.07349644542331453,-0.037688448680446546,-0.11533069730151298,0.06153606972644554,0.039238286741475,-0.2547983029511825,-0.143187669343054,-0.19476956163566728,0.012678683133194417,0.03048857114232982,-0.1995938028649168,-0.12447638488098967,-0.21145288196761555,0.004851075250181579,0.0038304107189728377,327
2024-07-17,0.07267908692570355,0.07566513080363424,-0.07935268938938249,-0.019126551339130035,0.08310634838034568,-0.008332995652852405,0.06764672214354177,-0.01778994789636222,0.0338459846242587,0.13461116726189748,0.14494495538578553,0.10081424609398311,-0.06923468262295557,0.010910175324456168,0.10662193528737221,0.10175713159995559,0.09000840811746336,-0.0725422281889957,0.010759988541150883,0.10636594669825135,327
2024-07-18,0.05486427657371992,-0.0013504385806088089,-0.03115578961952233,0.013355636815413793,0.06761363041004366,0.07266045247159857,0.09862893825014055,0.024457209064678093,0.05062516993559347,0.0980223401883676,0.021035680860189962,-0.07373082023266103,-0.08885034547776274,-0.04896681527926035,0.054612970760761624,0.03878512204385747,-0.02964459135349358,-0.0534878541058924,-0.009400135613858662,0.0713762401289695,327
2024-07-19,0.027244689335071057,-0.07573805432376457,-0.054505619133332496,0.04594580516034261,0.05741907027448686,0.1306780393727226,0.026111487859330682,-0.015682746786089496,0.10311215290505978,0.07619929802409266,-0.13585558224379315,-0.23524808817116932,-0.07376351576100187,-0.008067696608580229,0.008134927320357721,-0.038662313467278484,-0.15518432923364736,-0.05630385133982968,0.039202701989838995,0.04517931598628818,327
2024-07-22,-0.09260185211954611,-0.09447935881179322,0.010057566010676729,0.11797399125806522,0.10173742254684044,-0.01529526530708231,-0.08657914807963092,-0.060082661956981726,0.15232298328074023,0.05025368367849181,-0.173356321533539,-0.11304634469441398,0.03600373891396481,0.10531511532279896,0.02671776843247584,-0.13630084033579862,-0.10364974385569663,0.033346974004281583,0.15456834416952303,0.08812288150302712,327
2024-07-23,-0.045366684960907566,-0.02159525506397119,0.04340550878595184,0.0840530613556644,0.013006431526469301,-0.1579542892610703,-0.14638650274205997,-0.02781644681559313,0.06528353719633141,-0.047027584311141464,-0.047147412972464546,-0.01718531460639893,0.03770187746999008,0.053179018049501106,-0.004956550223689807,-0.06357088665990929,-0.02991671425491891,0.08155564676099364,0.11238528273023518,0.022740392305576517,327
2024-07-24,0.0035186382645544566,-0.03396316417465995,0.033488605162391466,0.10929902133224943,-0.030423232430862257,0.029827482593000342,0.014785775406405792,0.020154217342916187,0.13380848151189342,0.013667714871264737,0.0501110360839598,0.04548894561788125,0.0283618313393445,0.10812554095866457,-0.008037756630840559,0.03418816935947292,0.011903835690433686,0.08280060615823691,0.15713059880309999,0.020122576157820725,327
2024-07-25,-0.029145191275337545,0.03597894216160595,0.09458530464325246,0.044580561133861704,-0.05856278416641029,0.04084944981940287,0.07482111251871704,-0.013288699615736256,0.01873863101823508,-0.027286688524995318,0.03324711545773073,0.10021768574444187,0.0248855378858508,0.023767717606341828,-0.05401546003913792,0.01793141325631336,0.10164032626843174,0.07771020945112643,0.0390554597422825,-0.04597328165648702,327
2024-07-26,0.04800606536131773,0.0771656936683706,0.08602772295980113,-0.009543443832955406,-0.11723124727550834,-0.011265366688959498,0.04095752776201612,-0.05627703511135639,-0.01307956126792976,-0.07938127127860405,0.08961691165884912,0.12389562505957348,0.06213081112496192,0.023801473053523182,-0.09058540810943856,0.07424914821468834,0.13933361821006318,0.06588837309347301,0.01421228126910533,-0.09566631619826173,327
2024-07-29,-0.013292041248447498,-0.10545578761926203,0.02931664454329676,-0.05758839406400255,-0.11620799345555757,-0.03948101824015814,-0.16678793406989112,0.017003479716452594,-0.0003806839761955426,-0.09459991622403384,-0.04103020498299339,-0.15793722218409575,0.04422119767796487,0.007113159588295328,-0.08681622015023825,-0.003942593454734163,-0.13434364771788937,0.042977648696769136,-0.010699701692739363,-0.07525638465728629,325
2024-07-30,-0.1361541767330884,0.0038333321927353616,-0.008750294886226865,0.010832042554030676,-0.0909962633159087,-0.16924844972773198,-0.06695818183512448,-0.027258927916903812,0.05186277919847679,-0.08367361938262453,-0.1291469807607814,-0.047837564978790124,0.0016990754020639915,0.04984605968616151,-0.053875491770061464,-0.1457526310304992,-0.026643443334652527,-0.006204029639196317,0.060376942962256354,-0.0588334150894771,325
2024-07-31,0.08833472519810659,0.08610270588533205,0.05733951364560237,0.0374027030788421,-0.0655900879904253,0.1316334368329497,0.10037020824457824,0.1323102366682987,0.19954878997940423,0.06445000342658344,0.0935279697577643,0.10382397491802099,0.09374961228411459,0.11676395530982724,-0.020473967981341733,0.09737490123527891,0.08053027670415829,0.096571942746663,0.1154484156311264,-0.008670799081147356,325
2024-08-01,-0.018286727279425992,0.04158217164792865,-0.03984759946871338,0.05372871904352155,-0.051652020228394414,-0.0391860638869416,0.10243843895997674,-0.002139049433073245,0.058613039633658465,-0.05861375864756828,0.011718267323592015,0.13002792141457098,0.05326249510720726,0.0947390550048221,-0.00657826851847645,-0.02828739383569768,0.08668802793198684,-0.002922027536307005,0.09534546401644084,-0.02793984976739093,295
2024-08-02,0.07857689801051133,-0.006989151741831135,-0.002115131466688258,-0.051606681391325133,-0.05570064094326972,0.2577333755294899,0.1398956228656126,0.10957248545508813,0.009866456693860087,0.036494674225129344,0.15582896725213216,0.02206641824806404,0.06665392504164723,0.02541401955082378,0.007903964306098453,0.16533112454460291,0.053981910288066044,0.06707087629610779,0.015089737458402306,0.0065253117915487924,295
2024-08-05,-0.015900239197416753,0.11535000707298762,-0.025881896001586954,-0.008854815426449666,-0.05804120585877384,-0.03489331200481575,0.05499813198952093,-0.08247181975094277,-0.07678281974212836,-0.0836470211539982,-0.14617199257408778,-0.017923201348462054,-0.00667364997776503,-0.05518395583049732,-0.11926428618382447,-0.06272342956688315,0.096583636236871,-0.0033746534985614,-0.0119403689714016,-0.05250089396953108,295
2024-08-06,0.13324276881867828,0.012945417730877887,0.020736408140925262,0.0010478191763069087,-0.015722768564049344,-0.012981779164947093,-0.09727467216167673,-0.07280344312521243,-0.16794724163571512,-0.06752874503609708,0.13407590002389855,0.05473025008150257,0.08714333023256736,-0.032729480980777395,-0.05885881492689406,0.11046061416605195,0.005826367640560392,0.057202939042090145,-0.01599700094211758,-0.0065347684272052745,295
2024-08-07,-0.09355205955762105,-0.13569467394494503,-0.028065099363310513,-0.0946384776656441,-0.061611816441171384,-0.05040645999996022,-0.10419930029013762,-0.05848374306976994,-0.10757314773078015,0.023162511061878742,-0.04305677672414612,-0.06908819521422338,0.06559350569709416,-0.07320977885176928,-0.053243267539414524,-0.06817209443554118,-0.12888845404295213,9.724926298106236e-05,-0.09168269579123219,-0.022431904733381074,295
2024-08-08,-0.11839235067880019,-0.08606992665053846,-0.029207774684999882,-0.11042631244635229,-0.015919724817285676,-0.12937637502796423,-0.07120600123890902,-0.003680925399696623,-0.10191270074706968,0.036893170692767305,-0.004401933040466692,-0.0005788766620478437,0.0797737753695602,-0.061945470982123024,-0.007701432224860034,-0.11282316879543008,-0.051765225155382635,0.03225554631110837,-0.09032519979456659,0.04579396162517678,295
2024-08-09,0.06845808532016995,0.04560439110794825,0.04732463486593829,-0.0754201746974248,0.013449937961232217,0.08495851148805471,0.0450458174603614,-0.005647020935582994,-0.04851120803745811,0.06312435943676244,0.06947103521711492,0.10713331859508696,-0.023029591818278686,-0.06811569275390424,-0.026951838150323176,0.12981669633400636,0.10936851641348903,0.048203505609135576,-0.06055809209599733,0.03475011742749487,296
2024-08-12,0.017208779705941334,0.01457564718704548,-0.005884725705685561,-0.14217699094304656,-0.02406356580968528,-0.00889983885133266,-0.04910693136023294,0.002551070193713889,-0.12646243968900128,-0.0034795291103607803,0.09307786333534833,0.07683166017371958,-0.002636123713708693,-0.14184239832752837,-0.054307916997648746,0.03823056531966055,0.011428374242584605,0.027294230718470147,-0.16245660418887714,-0.011946141758557792,295
2024-08-13,0.06306694172852469,-0.03338793644759912,-0.08875899782260048,-0.21047461772168435,-0.08058208652461613,-0.012127594171683789,0.008286578370624452,-0.129814046533068,-0.1391540120914036,-0.026097504548693255,0.08761915205718346,0.07049725947944235,-0.11164431181754512,-0.17097650690415914,-0.08206990640813124,0.02198294534874622,-0.005938328619842974,-0.11992822036940765,-0.19710495374458636,-0.06999114192334568,295
2024-08-14,-0.026504322197414703,-0.05695702080803086,-0.03405407947181538,-0.1590822260254661,-0.11346933090664245,-0.0335183548117915,-0.11478664650763011,-0.18456073793324274,-0.22418613985098243,-0.04066372848336571,-0.05979100776776321,-0.23631584665090094,-0.1976524417591537,-0.22680231589973385,-0.1296332697339471,-0.018365006597048872,-0.1350083956010331,-0.14286429842305987,-0.21187243287641216,-0.10061889797793125,296
2024-08-15,-0.06565441042675522,-0.04658786272244975,-0.08495749779127947,-0.15983944375867584,-0.09879283789893265,-0.185552811661638,-0.18794881797310978,-0.21812864820652828,-0.197065773817588,-0.0015135822731811434,-0.24271488214184167,-0.13280618542895475,-0.17742106310604516,-0.19256374017562533,-0.08696710731612586,-0.1675335618230847,-0.12379112625542793,-0.15680015177041406,-0.19038460560536308,-0.047945066846038206,296
2024-08-16,-0.002098020665008844,0.0472572257752844,0.002148234715578646,0.009801948999075267,-0.03570037069449036,-0.20006921489841278,-0.1532588313994946,-0.0748944559141486,-0.008824385128443512,0.09884739042701189,0.1399423025686863,-0.09564712347745098,-0.10507991978284434,0.0010264905672975667,0.026626899649843147,-0.01737516452042798,-0.06976639956281606,-0.084254459114625,-0.009723911667728052,0.025808322260407378,297
2024-08-19,-0.07978860988687014,-0.00894579790449153,-0.06729440929271471,-0.046639703681723696,-0.010661547731631311,-0.14722111558195136,-0.12085427046283452,-0.09430969449770699,0.11582371271532227,0.11331630049252607,-0.2512834144234095,-0.18100622493437457,-0.20149370757216534,-0.08246438223904405,-0.04008014414002493,-0.16769269562600803,-0.09352298972942096,-0.1689410081107723,0.0025718910804440292,0.037923025377427234,296
2024-08-20,0.08842680346686531,0.09568663798718416,0.10751659776251736,0.10221663917541733,0.10918174393520824,0.04694714346218992,0.08693045544887444,0.12641866031097293,0.1481084057630878,0.17351679559602454,0.09720129588225686,0.12216552061982747,0.03369792146189559,0.09215519474510352,0.08798794476762078,0.06272979219198417,0.1018974072836898,0.06946291826174193,0.10300767188680446,0.13261870524768707,296
2024-08-21,0.028621614096289563,0.025276010927299978,0.04335734295145179,0.08171737711579533,0.03215699137550235,0.035967669188714385,0.07018080892721333,0.05322999503948779,0.13059638215307584,0.12675291377935838,0.022503972629496886,-0.03602990404150895,-0.004504791356300249,0.10076305330766348,0.05311731308007935,0.04380551761553005,0.04146638547365033,0.02382770278588183,0.11896131648401369,0.08727738320270906,296
2024-08-22,0.03350482902547224,0.018380281153140554,0.05932469914210879,0.08723467908373504,0.04511803997492895,0.0658324185204578,-0.06761355469392094,-0.028807096676416604,0.008077312880171947,0.056345777023542674,-0.050110622329460945,-0.13933461754267246,-0.002010468051553186,0.09424940704362776,0.06638787994255398,-0.004411657479167548,-0.12852264282623915,-0.015115477373542614,0.0726169214528222,0.06405160757294293,296
2024-08-23,-0.13495156012308296,-0.021264284720124232,-0.01564622233511319,-0.014279702839790973,0.030948135991840365,-0.21253899896608483,-0.09368315793120127,-0.08848707058529437,-0.07664684318076948,0.04394657830496639,-0.18158057634608793,-0.012369710928600498,-0.0041455084799074254,0.03290455470329739,0.03850061821941261,-0.23325426749865796,-0.08256494576827969,-0.0357481828587023,-0.006416208926347351,0.03521351191895682,297
2024-08-26,0.18724897044234012,0.08797847690092905,0.032935064429086,0.06301800726314498,0.1492217867348864,0.08536194762960536,0.006902052571317312,0.04857661039653726,0.05528625586017704,0.145101989991613,0.18034432829019822,0.13377279538711187,0.1683503429082151,0.17766996096947968,0.15845560244311363,0.18264135438723497,0.112723418029831,0.11633389152992711,0.1555978476397251,0.17401753668525527,296
2024-08-27,-0.13708414853912348,-0.08380802840121768,-0.0503702137478147,0.001153132434322003,0.1077883213777802,-0.0912044882942167,-0.07781391470379143,-0.05313455788661495,-0.05092484840365939,0.13273250528734812,-0.05820954694145079,-0.002870022134807381,0.03673336258087384,0.07114111145780903,0.09376549582897219,-0.08636546164020703,-0.044027414570280164,-0.007769892002482778,0.041190283944186695,0.12642931692880693,296
2024-08-28,0.07688974901103725,0.03493628698453037,0.08976749569859274,0.084214856142129,0.19435813617994546,0.0002536338753128231,-0.04989380074606189,0.0028143348787305323,0.03145132734568272,0.17522991609545915,0.08725902073045315,0.08596815714076511,0.11769289031176564,0.10995731845706636,0.1074265721578052,0.07089761068301743,0.05711767086020161,0.12686625534886428,0.11534613453265677,0.16759543111648156,296
2024-08-29,-0.016136152791917453,0.007452550865271535,0.12516606166140568,0.09873573175614057,0.17076246931432182,-0.04042304738610816,-0.060571210461926844,0.05327117244610238,0.05034574671555497,0.10740858992122906,0.008648063273449297,0.02418004309893782,0.07777116894496458,0.055238755562144116,0.07360515297218893,0.0048151510746526115,0.01895806594848058,0.11044645428856485,0.07853691248476176,0.12694735187282333,296
2024-08-30,0.028411019710298295,-0.03304807475079583,0.12439293748793814,0.17004491384492623,0.1992911533314557,-0.011249735789462744,-0.09611442179509182,0.10165675630335583,0.11211297738373126,0.11523472392410901,-0.002282247483017726,-0.08160648177277531,0.0840815121443408,0.09613015330131687,0.07788102668629483,0.016236554862985128,-0.07088965240256721,0.11605573482570136,0.13609913464317935,0.1260092216847527,297
2024-09-04,-0.09396471849237266,-0.008627488139889929,0.09268200368822929,0.07758495365399129,0.06994044311349053,-0.06119611995516262,-0.006256139043100755,0.08655622016614573,0.05891996354189732,-0.03652037199856749,-0.14072181427333666,0.01903353545978775,0.10126992379795458,0.02644403476056413,-0.04761657419468985,-0.1402190971209118,-0.002938390076638188,0.1158549554224193,0.04498468806550841,-0.020918727071221475,276
2024-09-05,0.053062188900430095,0.11979220542044611,0.08885345413504626,0.08816259147604792,0.06078073736225092,-0.009677545805188006,-0.005782298814872506,-0.006584153091203665,-0.005053027712317347,-0.07468372962333002,0.10726953580983316,0.1303027019317506,0.09061308544652813,0.038390480190472004,-0.01263885126646956,0.06944850416369919,0.09762472100225596,0.08733007181780161,0.07185094872903124,0.009457931880421025,276
2024-09-06,0.07117171165137226,0.05802159477378711,0.08184250142364803,0.11341490529004315,0.02226507715959706,0.03089563378816875,-0.023554349691834887,0.0003159454871482899,-0.01425436034884626,-0.08659482656027179,0.060127126856072716,0.06596739455061384,0.048244606431298076,0.01805077658147135,-0.04606709111546701,0.06400979673553789,0.06399308879126298,0.05726319304875469,0.05909177847322051,-0.02529714701515538,276
2024-09-09,0.059611044712805795,0.08256093883446337,0.008413512734274034,0.0813877050217037,-0.008349233348022633,0.07450664674321951,0.0793157177006225,-0.037342752901525514,0.031508092621821006,-0.04560132776155166,0.10052414187076386,0.08167277142536414,-0.021364504178447836,0.0360474134793488,-0.03638540338576797,0.09242125470564666,0.09521130179730564,-0.012535491920219872,0.053345313120182064,-0.033783441668476986,275
2024-09-10,-0.0015780567579773924,-0.016556999057524,0.007232516608846566,-0.01717005795384928,-0.059302132154521264,0.02090996245019889,0.01862405216845685,-0.03402146040373593,-0.0098183083719282,-0.0563156499393875,-0.002647036443194005,-0.07878040684836272,-0.019311450646197006,0.03325696829325492,-0.07093474583853437,3.753047975984558e-06,-0.04303782750657301,-0.015386028825691863,0.02417688829284879,-0.05505599079713521,275
2024-09-11,-0.021298195247249314,-0.00843731715264559,-0.05121392425914952,-0.1187781093364659,-0.09873481592020916,-0.023815572751952004,-0.04773239489918215,-0.08655175090690691,-0.0966918152778008,-0.06324195976052757,-0.10615859916468881,-0.023855436997475683,-0.014498555467352249,0.010067243487633453,-0.06008369319059419,-0.06888557135972424,-0.029181311246798593,-0.03259999088433744,-0.047962722924038984,-0.07425757146720535,275
2024-09-12,0.036058603340944885,0.003658853047161565,-0.11283353219143898,-0.12950460015937101,-0.06544582157457221,0.010941429628329028,-0.08252250226310533,-0.10700028521251057,-0.11695387949236914,-0.06951370838249869,0.06406586621766992,-0.05127898144247122,0.054876199874670385,0.08781888452548713,0.04954180092342527,0.057329970908108596,-0.019154494117370195,-0.03397081757489739,-0.02937025169617204,-0.009497896632665726,275
2024-09-13,0.0020110946540987783,-0.061748379817410416,-0.1256618694536035,-0.16445230827026544,-0.08004231491844435,-0.05024687195105278,-0.07001305913559122,-0.08640864011243189,-0.09423686915991605,-0.07474342219074405,-0.08938331759399205,0.06135102820174455,-0.029914224412993292,-0.008981041828749219,0.006786184744797054,-0.039821147079542416,-0.006143781623371261,-0.07698907201709868,-0.08561212870207373,-0.036580594207193055,276
2024-09-16,-0.05747144425600747,-0.12768277039903478,-0.11761561674577772,-0.1648224238637891,-0.10639140196977699,-0.047365482577416934,-0.07706937921402822,-0.07563626595106526,-0.10758734863143016,-0.09030460541138653,0.076997287791102,0.0050030495884923615,0.06661051523958264,-0.026762070043122293,-0.01314513151968401,0.0021495791912803253,-0.07352547861210208,-0.03070497918955587,-0.10272127598495011,-0.06202060092929265,275
2024-09-17,-0.1361281025498165,-0.11797223799312091,-0.08886986832343394,-0.14691884208003494,-0.02381125482455862,-0.08394704399946262,-0.02436821333286305,-0.014152744099466251,0.0292872235401814,0.03704396130503216,-0.03048618540260197,0.0297483872474415,0.019531693706417594,-0.06840858580172321,0.024454370080426006,-0.06624965454230868,-9.812161033152652e-06,0.00017745030828076951,-0.07839027889187633,0.004506832087555842,275
2024-09-18,-0.0895286635596423,-0.14699196607123394,-0.08776359518076557,-0.1003906812997856,0.00034526158682073916,-0.05461534546733341,-0.1726572186519315,-0.0318063866556603,-0.010209080384460946,0.0707895174363198,-0.011909587477236713,-0.07103156143437786,-0.008174212667669406,-0.0912071819950742,-0.0016630108430851706,-0.0512098817624887,-0.11227556140893524,-0.03781429140598192,-0.08532595958025775,0.008035941704482992,276
2024-09-19,-0.07599383053567496,0.004138421421910467,-0.01252435212181055,-0.03073792869674151,0.08058189341159051,-0.18320266528612555,-0.08837968354822615,-0.01644194264188842,-0.014246136704702922,0.11748294536277964,-0.13503978071501582,0.0024801383580552606,-0.059449783841814846,-0.1145883168857934,0.027655752480491923,-0.1265720059506411,-0.016969664322099606,-0.047300412590153135,-0.07220529302002009,0.07124021698525972,276
2024-09-20,0.07148133863796446,0.17684945805521987,0.10704627347354687,0.06063813986695541,0.11770720471158201,0.08119248940049256,0.18865945577109716,0.14559948282595125,0.11756917217254445,0.21791699815829796,0.14321103385026102,0.16914482157450583,0.03344420646615295,0.0037252445342266668,0.1340139775117913,0.09914681430429288,0.18650997911652625,0.10212241239199578,0.057793505527653555,0.17249989696980825,277
2024-09-23,0.12402667733091866,0.09489759100556137,0.1407947785664932,0.14743184176964205,0.06558420992890757,0.0470375131072921,-0.0007227514740672131,0.06394671439359002,0.10692711028300804,0.08020645930279978,0.005104816770049194,0.041377098106191314,-0.009747339888376113,0.00722046725135497,0.014669661404039424,0.0740093501661312,0.061197239840736134,0.05821555476607974,0.07548440703713877,0.04574530141337605,276
2024-09-24,-0.011058940478796497,0.048499802369030794,0.017630479895650933,0.04827851290570142,-0.012985414863198421,-0.09454676998326908,-0.07741534436646513,-0.028997646805980624,0.028930118524459703,0.033981274511841034,-0.016243688920950777,-0.05234155326288545,-0.07874506363384837,-0.005929211880704299,0.020225367183272818,-0.0317539435160249,-0.02418433542021098,-0.04872943727621559,-0.0017914720318255978,0.002319888643062649,276
2024-09-25,0.07528095060002224,0.06309296023341224,0.0070785852369897396,0.08765988606091132,-0.03037244557187348,0.030567065633470638,0.01571373595807355,0.06819566615286557,0.09940858888877098,0.0360817850371172,-0.013941868468482848,-0.08103648130176329,-0.039651198173778025,0.00921747856818195,0.05712837473713904,0.022626889235843623,-0.02499184429709999,-0.01926099654515909,0.049271624062382745,0.023468057366467815,276
2024-09-26,-0.04815999132043906,0.05636084885488089,-0.03170678911090587,0.009167631682662561,-0.07022115748556723,0.01968717664948167,0.1816931783090053,0.039868270159149476,0.06067311836825099,0.0329747477558415,-0.03207847060945813,0.081527922916909,0.0013194081258153557,0.03189701517196677,0.05555570804132024,-0.031091494061918593,0.10293100557552565,-0.009505450859645747,0.02104001438668725,-0.008796690681778168,276
2024-09-27,0.2236690085344204,0.07319947916091259,0.001580055298176045,0.08536429537789603,-0.01737345844997261,0.2721479022905943,0.05779135735914547,0.007129332679507073,0.09195888448708806,0.05551946759584343,0.1733867024089673,0.025526036024316745,0.013994587052656627,0.09360305778321643,0.07343063733656421,0.21613872948816076,0.04602585338157846,-0.00806447524721113,0.10078554609192512,0.03545098610471223,277
2024-09-30,-0.20375350242123919,-0.18412370292261857,-0.11546740030638805,-0.07713101134582007,-0.08334936331998484,-0.20604234997800494,-0.1530803264570783,-0.10317316312643193,-0.058653759104409245,-0.0583866197205759,-0.1982987148090339,-0.07636709486207356,0.0040501738938074185,0.015335140273068492,-0.0035571332593451297,-0.22719386944117212,-0.15013292736057574,-0.07738479727575108,-0.03822319199617753,-0.04452426383309836,276
2024-10-01,-0.09229473524597516,-0.04523264600444008,0.02096679704605478,0.06987681109469254,-0.07488330854249489,-0.008347986675866906,-0.04101361299993109,0.005526730193222891,0.05555354460642357,-0.07262586865920254,0.06090956236296427,0.004664454218037592,0.03227062802839737,0.06334841464991436,-0.03111765331017422,-0.012106065506220813,-0.03914523681611584,0.028762280491648116,0.07892616329879427,-0.06365920074793516,264
2024-10-02,-0.08476477232580171,-0.07653131837823055,0.08030779630002388,0.02165446911269817,-0.024078750871778496,-0.03825195029879368,-0.06807719717942724,0.09420404170006522,0.054402871898534925,-0.07877643366284838,-0.06663520383287354,-0.0596681556811696,0.11066214331741592,0.06133079144370749,-0.002550353096911812,-0.06386034522736245,-0.08926253094126886,0.10264367609848506,0.07359833659976892,-0.01471770532829069,263
2024-10-03,-0.02120270902177225,0.04291519783497074,0.031496501807424866,0.07876774783508471,-0.043333678206637666,-0.13243014303684042,0.0320114458550795,-0.0291792979330072,0.05350171117399151,-0.04701493645051084,-0.03792418347400731,0.07593034663632571,-0.0203491954685138,0.12244593379098666,-0.004245186347603978,-0.05856412905813132,0.039665410074896754,0.004306413214293518,0.12164379467029805,-0.004087610019721772,263
2024-10-04,0.09269860587546884,0.05193301076157125,0.052007468216420064,0.0634891475522264,-0.10612385709010226,0.15254594618654863,0.06813260860954484,0.053909598307610954,0.0586683915356155,-0.06961205281616828,0.11948664806659948,0.08211022787733917,0.10915007280731062,0.10305525887125977,-0.019141388256880488,0.13574831773287807,0.0784154117016626,0.08483808901928865,0.10747418649355296,-0.03929528045914373,265
2024-10-07,-0.08240177795880597,-0.00694209861839329,-0.112484156009723,-0.12714319633543322,-0.199695862854944,-0.10591585731096698,-0.05781773909280231,-0.14504323458990534,-0.12868985040878225,-0.1556880018036677,-0.08905755443191342,-0.007961157568947226,-0.052355284900423356,-0.07019996895663894,-0.1107792790668205,-0.10475354740803393,-0.014418134929105732,-0.10049673853794883,-0.07268891122271084,-0.15349825815203516,264
2024-10-08,0.022726988416250062,-0.10206577473352364,-0.05086110077893817,-0.15034741244282193,-0.11199817574563178,-0.0236522627161255,-0.14971875413950161,-0.05978733181055809,-0.12375972369790034,-0.09000737995210317,0.10380030983390191,-0.1119591505171557,-0.030069400218008083,-0.09552004463581243,-0.09071172383917878,0.05837337363116316,-0.11870965643367601,-0.026634751930524836,-0.0819362006771014,-0.0939610552919319,263
2024-10-09,-0.12052907123685527,-0.02440325374543081,-0.014374818690578503,-0.10101442118099715,-0.14702725285999194,-0.17500651258983435,-0.0054452397133855695,0.020420768490625928,-0.002176380048047957,-0.02875782081933501,-0.23403732105295308,-0.09859404603943778,-0.054111638781823526,-0.06450652949256504,-0.09136774077392015,-0.18335939429717532,-0.055973880360744646,-7.63100628692005e-05,-0.03867036679618924,-0.09509405364209121,264
2024-10-10,0.09330407716015204,0.07695364827276997,0.05226895798751201,0.003244041312785928,-0.0355331857115339,0.11472324453266707,0.1283846014615332,0.1534249883888919,0.09173690842735646,0.11345901120856525,0.08912383997208369,0.036283785189875885,0.12753169962484284,-0.06411244624805233,-0.06365022661708859,0.08952598298348292,0.06259395106731429,0.11746389717508185,0.014919688302010596,-0.01608246346904268,264
2024-10-11,-0.046959904767688805,0.0040875949052010165,0.04390820869238599,-0.04889874057127679,-0.029991457565253007,-0.008227920982486227,0.049002352524632024,0.14763322719707664,0.050150699720763324,0.07781931300161084,-0.013253309291563478,0.038463734420733156,0.09345436775867824,-0.07660140829668943,-0.06280352498967076,-0.021189236758506313,0.04975635394752298,0.11567542027928461,-0.03064614519659102,-0.011866124911535079,265
2024-10-14,0.04886490915206314,0.08309456326279854,0.023688180150047113,-0.00528748426671742,0.04421169011697838,0.03424283606015174,0.09481558849438805,0.05622885259970431,-0.027281628318204732,0.06334480603620764,0.03076077343902072,0.08211626596812925,0.005549413774806239,-0.06739899004800692,-0.06628775231199836,0.05430369214277423,0.09393596779743066,0.07645788721168231,-0.018601035254496343,0.029418487484998423,263
2024-10-15,0.11171189091482792,0.034666839427821214,-0.06673799132644954,-0.07157924289579509,-0.02682658803899894,0.11410262838047251,0.05001698501484347,-0.04725974069532729,-0.11932307361908902,-0.03712350097426325,0.07689902492255694,0.0612959045318419,-0.14990377215821504,-0.1701737432485747,-0.15815862243873952,0.11326820822977227,0.0597123513018333,-0.06245564779562381,-0.11670716489256722,-0.08563103788439841,264
2024-10-16,-0.07756478425901285,-0.036812306869177316,-0.11872042033362143,-0.07763643784291084,0.014483245244416156,-0.055257341466358474,-0.07161301174640156,-0.14941298078232026,-0.21735543843379715,-0.09309682429479144,0.013718162441754195,-0.021702941010160338,-0.19749527757278137,-0.19840025259871757,-0.13804880910155098,-0.03474559697596196,-0.020071048999350923,-0.14113677926291138,-0.1379784169519648,-0.05741399066854932,263
2024-10-17,0.002491783471169551,0.0040308648298693385,-0.13186228139636738,-0.06070254281839104,0.015698015796104747,-0.0805536300968708,-0.015457376057320399,-0.15976546707465789,-0.104474078395751,-0.07563542305611964,-0.059888771064987106,-0.12025869515096467,-0.24672630428783449,-0.15638931009668564,-0.1850594334541319,-0.026621143515442338,-0.021105934614022614,-0.1814538956558283,-0.09633260159269591,-0.06683082353332848,264
2024-10-18,-0.03348718402609474,-0.03943391333894838,-0.06693204870984588,-0.022978623639625217,0.02732424361213327,0.052725203998718675,-0.028899410277570595,-0.03933928731360058,-0.028865650978555465,0.0022795421574473528,-0.08726316650565001,-0.18088365654187527,-0.1957847784499601,-0.11169742304965158,-0.11428717329063941,-0.0009733099628237346,-0.04594070873756437,-0.10047146801729374,-0.04939641294533096,0.0007228760278637857,265
2024-10-21,0.009980401140025722,-0.025776258218523345,-0.04074426635064751,0.0845118808013263,0.10988637153818945,-0.003169587149781373,-0.03623570194604855,-0.03109264698363316,0.018093696882992224,0.11504332146068447,-0.14370654398544092,-0.12844048605539288,-0.10395486931379726,0.004046009288840072,0.013462030938256268,-0.031972239658804545,-0.07453212635012828,-0.09282072012175929,0.023760674704613183,0.09009824568594214,264
2024-10-22,0.002372133303103168,-0.084109581393455,-0.06392921903868168,0.0659299868972419,0.0741211202486993,-0.04558505360915279,-0.09332081315886379,-0.07781717234857143,0.03231871370961165,0.10207589861560082,0.04068573890364853,-0.07531616176985385,-0.05892223658402799,0.08741011868478235,0.029125452882483797,-0.02905373954042291,-0.12034563235561366,-0.09218481978214998,0.04209255902128975,0.06808723088753516,264
2024-10-23,-0.1261250840388037,-0.003972096205007226,-0.08851690594549985,-0.10339645575521346,-0.00955239949820641,-0.12172069946341309,-0.07023069191591516,-0.1365965163679393,-0.1308074605630243,0.01839077461319689,-0.14251083829200714,-0.03207424910745412,-0.03996706566880694,-0.009769926154242053,0.01649235519231987,-0.13858609316946513,-0.0346854712925858,-0.07635066053968625,-0.09634733419275841,0.028615335703029068,264
2024-10-24,0.06669919309145722,0.13732975800757175,0.0026573063604708905,-0.060531372126196345,0.04132754288597268,0.025430823390792376,0.12756597988617105,-0.09921474952297639,-0.06436067011098648,0.08436942317674172,0.04209044586945899,0.09719480927849675,0.0020083754662055613,0.008806866804450851,0.05345097829024854,0.049680722539902335,0.1314454128987286,-0.01236620738016438,-0.039611584742766465,0.08181931576708147,264
2024-10-25,0.012241308109194392,-0.19596022204114336,-0.10172770635453568,-0.1134140369693998,-0.00022361970099326042,-0.002979091729911679,-0.2277384326326568,-0.09173533152157819,-0.07067746711759013,0.06079454453178942,0.036863250103618336,-0.16408538830802893,-0.01700558768624555,-0.04431765608545707,0.03594257364667644,-0.013099904348850831,-0.19974033532403135,-0.08806869685427242,-0.09759665707315006,0.04310575203707349,264
2024-10-28,-0.19527394087217853,-0.13590825312396412,-0.07612279270130895,-0.08945082220327885,0.0371883068824599,-0.24564158070677275,-0.1452826213458361,-0.04083923725250106,0.007643248960812752,0.1019305890574897,-0.2332445344888507,-0.11823971085885013,0.010995242112984879,-0.04533385838745741,0.018775451455164464,-0.20694598119845617,-0.13802071054712176,-0.048941398555092816,-0.0781670420965038,0.0733534491389284,264
2024-10-29,-0.003066201497309424,-0.10442158500378981,-0.0019952480850650694,0.039514977744804426,0.12310284717655347,0.024955861543306788,-0.05266980386702395,0.14087945301030108,0.1992864876527719,0.25711779358913706,0.06601328098709572,0.035639979328658075,0.1592614057796452,-0.005512825947427888,0.08450680185479766,0.028691647713481313,-0.06353265708573047,0.06273875994744459,0.05290231272943038,0.16434075674121595,264
2024-10-30,-0.11025211130875366,-0.012034522541647944,0.043293673532714266,0.19371105768513477,0.25997100719740196,-0.12952771682669859,-0.08463248548057445,0.08212101346317499,0.22816888548329328,0.2536459715015621,0.032292292956025995,0.0723430545853892,0.09405094119534659,0.06945973715105794,0.12661547220183358,-0.11744860915822111,-0.04632699359180264,0.03681250819580811,0.15907682023125097,0.24670172973560023,264
2024-10-31,0.07590230366385094,0.12887841568742534,0.14135767051450945,0.22023325478093775,0.28420025447187247,0.06559822204517647,0.143595145231143,0.18667260342271394,0.24916453398861357,0.2705322674098412,0.06625845130815274,0.08039825549344749,0.07420722876782113,0.03803318277528915,0.06525049441140311,0.07028187432595784,0.09475640972946366,0.10458183376755066,0.2107624459089368,0.2589016815058827,264
2024-11-01,0.08301344828380941,0.04187383476944489,0.13901578558233976,0.12959276423815005,0.1716757439796026,0.11822891290458658,0.13573976692389808,0.16006182529537064,0.17378612323416479,0.17802972312710288,0.022825543212923283,0.0058804423481232,-0.0184442640907019,0.02912407572525901,0.10510386765258858,0.06177922075972752,0.054472441943177644,0.11195345027826405,0.16339340138210726,0.20254898303903682,260
2024-11-04,-0.058871459745912284,-0.07515888277346983,0.024991231307919897,0.08249686990509343,0.08632108848393026,-0.048061612840490875,-0.12307616690214632,0.008834770486166252,0.05905463359266135,0.04111410997223942,-0.020687387041932126,0.00022335635737376743,0.03264472679094954,0.09313491512728307,0.052930619254549525,-0.015800515998225847,-0.07639429324090806,0.03953180808356289,0.12272438263575389,0.11295814441149897,260
2024-11-05,-0.0461288915992101,0.0303744256812336,0.07882515610696623,0.12568369346818942,0.14414139323791372,-0.204988207056209,-0.0493634222228248,-4.404411761100645e-05,0.0780901465736682,0.09458869646748307,-0.060060150759751706,-0.01147284072677061,-0.032057274801294326,0.061263044780276305,0.06107880262285632,-0.1367497360706938,-0.010333864614962022,0.03200812354881111,0.14112377658521863,0.13247954797764075,260
2024-11-06,0.08837932945173516,0.20311931560722266,0.1564426673962513,0.14904740604872846,0.15056903061047838,-0.031095224066745697,0.12916868509584972,0.100280747430179,0.03769836155928875,0.04343313152684448,0.07592701138580418,0.13280882841150857,0.05077631844378779,0.04489763569261566,0.04065477660080344,0.07370719778784166,0.21745971711704365,0.1413637045797818,0.12070446698827877,0.11631361693591583,260
2024-11-07,0.22317885376257307,0.1540272542820037,0.07263225633437695,0.04319636857808488,0.18266775741106706,0.29541420964755416,0.3140702629091966,0.22584197270503406,0.12193445412050584,0.21229373924964007,0.19222645939296953,0.11816869644153782,0.06282053193079205,0.03391173652923977,0.09028383307636484,0.2965213118145724,0.22307602265306753,0.15751256958853088,0.09668788330187468,0.19911674285283293,260
2024-11-08,0.07115254103801108,-0.06837480527954937,-0.015471423294645494,-0.09858128663902327,0.040351575612571376,0.18948498210397824,0.022866445633313658,0.09958207904015628,-0.018969286286878103,0.09829214471232159,-0.0011253302263705693,-0.14329660703213581,0.055102329352881764,-0.009092273432432095,0.06798161929257268,0.07576653055694002,-0.08481819061461233,0.05747932414638636,-0.03203230575503112,0.06992415904480807,260
2024-11-11,-0.20878973915990162,-0.061949935442539544,-0.04842470122994942,-0.15303429582713682,-0.07499819646212848,-0.2240804932293328,-0.023090661818271168,-0.013697570399754106,-0.060750739731776755,0.016277371128437402,-0.24872335385418295,-0.0171477357248917,0.06159754386003033,0.006914559625182043,0.04814853401766896,-0.24783877151982267,-0.021425635937652607,0.023364371425676735,-0.04714036365815619,0.010028957578974861,259
2024-11-12,0.037118770194898454,0.0950691650466876,-0.08646050993596947,-0.06533896230892872,0.09067825389247372,0.09029220557147914,0.1975162148910489,0.00394158388428035,0.029068462327333032,0.1301456911330459,0.12304143939012488,0.1832061833623401,0.03128602132859955,0.057729962193278646,0.13481291482680952,0.08873360061855991,0.1681997872109487,-0.013346058672052031,-0.005248002299229568,0.11071157469552644,259
2024-11-13,0.14626451903457444,0.10307741255176865,-0.13038044156665032,-0.048882643590204444,0.07832836671971338,0.10129023989158668,0.15449284298147295,-0.12621167443073397,0.004200507493767577,0.06280754726929166,0.0406396035687614,0.06773542669047664,-0.013748062536061876,0.040208127300332235,0.13431225076483994,0.11252256853110312,0.11758138058355316,-0.08119491202545047,0.0066127861128555095,0.10135476637993157,259
2024-11-14,0.0900188165985573,-0.08295244101819778,-0.18301058483284635,-0.02955796628144523,0.08782525561175206,0.08477593288558025,-0.08577333802743736,-0.19903961071681928,-0.09127846217353583,0.018562550246930296,0.0493748104562424,0.0013147883294996883,-0.09387739738072398,-0.0292643830401886,0.0910278260655074,0.09433097392382038,-0.05560383331246913,-0.14766539719090238,-0.015167045936110036,0.09169677924831189,260
2024-11-15,-0.18370418523203744,-0.2319151166179176,-0.09054129650612473,-0.016091546266200758,0.09371946138254685,-0.23654202727151466,-0.2639659307422404,-0.19502620524374054,-0.13414007575182477,-0.02113153029188435,-0.057734677983252804,-0.16341313015228084,-0.1138986693696667,-0.005124641941230222,0.05325465412824905,-0.19144478713217467,-0.2309220279136495,-0.12751224927579205,-0.052968321557399334,0.025386512417216282,260
2024-11-18,-0.15580337443662473,-0.1559457262845196,-0.03395929208534748,0.028467753581918796,0.14922136823902654,-0.13050620672872065,-0.13113437736551994,0.01999968252537047,-0.024611670282171757,0.09663985318769654,-0.19497456109487404,-0.13202877872998406,0.00010110364516613294,0.04844381229199381,0.1628976590226142,-0.15608974732242384,-0.14016695652767075,-0.0066340143872349695,0.034615154200057195,0.14273873116369148,260
2024-11-19,0.05499831582646524,0.02002166306765924,0.11476772772499658,0.2140555183829438,0.20990988329816423,-0.03747348962594246,-0.09562839022334138,0.0356107190393807,0.07844078521901188,0.1258424250867517,0.08803030599402306,0.06485164102304336,0.10546164923712428,0.20810350221222476,0.20493279879967544,0.04624981261049541,-0.003367029000159403,0.08969439065347184,0.19895702389992953,0.20455532891525377,259
2024-11-20,-0.06275955276218789,0.002724719625980916,0.0665137327549407,0.15570429373264025,0.17010089125404934,-0.09364949618422118,-0.08288586209707845,-0.030716456178607035,0.005999492020411537,0.12733850589247242,-0.023310048985910402,0.014381461944014766,0.09465677415220493,0.1602837975267602,0.2477211639634505,-0.04394682188305652,0.006065652517238618,0.06536443302844698,0.1612956636135166,0.22276711000647162,260
2024-11-21,0.08528805939008538,0.20823919935187918,0.1367687336498785,0.07890103027723043,0.16032246625021843,0.06241203393981863,0.14973825665932267,0.01209378627064999,-0.0035732726582856813,0.06554811594983866,0.021222720913844088,0.1506553933753427,0.13381232464166565,0.18447864176197223,0.2624229812426625,0.07274385738961511,0.2123054270915933,0.15128738049393137,0.1412431008453697,0.22740864686838907,260
2024-11-22,0.13656741493145325,0.0005835089283973635,0.08071758197685865,0.07212792887417092,0.14080016863844258,0.06369986163957962,-0.050548202068938564,-0.00930174447322017,-0.006860282892973443,0.08283947520870753,0.07243027717484046,0.0033896085305023353,0.15287925559477653,0.16889348543902608,0.2212723612878812,0.10109152724474336,-0.02581488707124681,0.12129142917161327,0.11375779471251216,0.20333598850100934,260
2024-11-25,-0.1517792089423194,-0.14644521826208404,-0.051969376004623424,0.038068876570712645,0.07989021525013941,-0.21309250199650998,-0.17539751284799754,-0.0663249761949354,0.05057269337157363,0.15270839097436484,-0.09384824733254915,-0.0155264226419303,0.05998705988891142,0.10130527199604031,0.1695505232421856,-0.1687502924415388,-0.10185363503518692,0.00792710980733106,0.05823307089919796,0.16037320391316104,260
2024-11-26,0.030650037392581535,0.06400026975669551,0.07548316913797937,0.023677076339500253,0.0800026029700867,-0.03303980643794237,-0.023420473858962888,0.05106025608767395,0.03766976914471694,0.13496290384179432,0.036901402205180664,-0.01818361418004049,0.0820026533426263,0.03245582539967766,0.17216068275448693,0.03374951322097326,0.03602117636596095,0.11326011229589555,0.04974887958603752,0.17149237064941303,260
2024-11-27,0.03854650373216808,0.09811399537166061,0.1778516576241572,0.08921776534622196,0.11851485319941157,0.008795962574856507,0.0987974974655638,0.09976709297560662,0.07354959362339614,0.10563131937217599,-0.04413190199226251,0.1216090344876225,0.11249337222235255,0.10578195975988072,0.09873831664601233,0.03432610800237948,0.13440820289433209,0.16708420698594872,0.13255893664172977,0.15495422487458654,260
2024-11-28,0.032021915691399915,-0.03467166004773403,0.040717944031475044,0.02691467275100715,0.012605148962614185,0.06407862928347793,-0.06399558789780913,-0.026673995458224777,0.05614444752870226,0.07366884302305918,0.1663778456150089,0.03886131469992497,0.05925882445050265,0.10398755592544627,0.10826953610826055,0.08095509438405371,-0.025613547643236076,0.008385489452904954,0.09710674821016844,0.10657858599960171,260
2024-11-29,-0.1659697544364523,-0.045051900862558336,-0.06171668699999763,-0.0003530074030471073,-0.040893513853555226,-0.17818874282149583,0.01120632353050269,-0.0696201885733562,0.003057637839771421,-0.007018467387251218,-0.15319566966291373,0.07107625234286326,0.05900816212534123,0.08616930324565254,0.037156442592298534,-0.16257207230352028,0.02819750345377798,-0.008097395619462388,0.09175064861551316,0.04716632665133469,260
2024-12-02,0.10262571734808493,0.045373090155624296,-0.06988798743215234,-0.041759339696950774,-0.002553678107711991,0.17235395003832676,0.1235664469937576,-0.05693521464596855,-0.013597761985033345,0.07816604465459578,0.20309811474919523,0.10631801670721712,0.02946270363163795,0.07068590078991245,0.09409317059768522,0.19274663951253507,0.11140114966610452,-0.023845143238040326,0.031164053208991075,0.07711470209287832,252
2024-12-03,-0.06948090884428859,-0.23605568899089718,-0.1589573138621137,-0.07757399922485897,-0.0012150569324789655,-0.04796196724001824,-0.2911162854931645,-0.18798695506484495,-0.058000928771506234,0.026302538067053984,-0.07327542170868824,-0.17168546837090654,-0.13271694135724468,0.045079896062233074,0.008184737540543736,-0.0944469060776026,-0.23683633854509029,-0.17117796067038318,-0.025572136349718267,0.00844005890077527,252
2024-12-04,-0.24905039206186605,-0.19366666938834462,-0.12152088042683375,-0.0915861584048386,0.04178824378856645,-0.3715865128552434,-0.27724012741917886,-0.22558183086531053,-0.223868027932058,-0.03008738336739862,-0.17897071420085928,-0.12154243639139675,-0.10601159251828224,-0.038090377476062885,0.004178416100611546,-0.2863787426081163,-0.21373599926215797,-0.14656864406659184,-0.10723544456501098,0.016220626314587632,252
2024-12-05,0.006391995087747207,0.004659203738372348,-0.03538729764024803,0.02795013956950973,0.051998356747964804,-0.07310008091550049,-0.10705265715241365,-0.11705850755548569,-0.10750108357311725,-0.055537360755909905,0.11427233702638528,0.009818834568422596,-0.012743535683971793,0.08927869727867618,0.07622032688433307,0.04357675910234339,-0.03263356463779978,-0.034143299130171736,0.04952630339791573,0.06613192077535122,252
2024-12-06,-0.03904782541250398,-0.04923530735330978,-0.04033594592010611,0.07877765749971406,0.053077791664438184,-0.17082303593445639,-0.14898651365640203,-0.07144605045134175,-0.004943259748103796,-0.05410289810470156,-0.12479394710905321,-0.17146436024626557,-0.08734992540755632,0.13020452517671527,0.06604116001396598,-0.1367436347576446,-0.1612172481436443,-0.07978500428785577,0.10935912349893341,0.040682907744861524,252
2024-12-09,-0.060422445178931465,-0.023539419314324773,0.022709581551864418,0.1442756377578295,0.1167092655353822,-0.0644367419211372,0.005340289245395355,0.029372180226183806,0.036740856145308406,-0.02905911443663253,-0.06865414627166053,0.0005729381587958816,0.070622100424718,0.15298239622201393,0.12433869637736499,-0.06627113306918246,0.012348692431165906,0.05843160720233713,0.1458692235378369,0.10844864207297399,252
2024-12-10,-0.04214930711948746,-0.1530125859727333,-0.007045587315387633,0.13337177265156178,0.07674880504470606,-0.027819903152433958,-0.16333406712803633,-0.05548066868543896,0.04981733521165534,-0.0030906129241376717,-0.009057565331876587,-0.06868840177187961,0.0984556962194294,0.23134614796620717,0.15558926561478068,-0.026904475855115337,-0.12366496699784617,0.04039020876955168,0.19150568794410727,0.12255631895254214,252
2024-12-11,-0.19535609686412678,-0.06908381830560462,-0.10191053492687045,0.09706020619002982,0.0761577105378501,-0.2207227532676112,-0.11737229664932632,-0.13994487534724392,0.1260912903711852,0.10309563610711414,-0.07203986672225256,0.010003321346050633,0.04809313212809563,0.14904259213105414,0.22398670901688042,-0.1636717159991221,-0.030856862608369753,-0.03117984975880364,0.13949919454986584,0.18531936348702327,252
2024-12-12,0.08615390761994593,0.1721687386088193,0.08946121360643765,0.165251212833089,0.14237609186604583,0.014489735868193486,0.09004658447939408,0.06695792908868603,0.13478528867980502,0.12711836604334933,0.0482531337586922,0.18242792611481345,0.1759581739406972,0.16841131616863017,0.20227716817989894,0.06808186850019303,0.18044770079528805,0.1490416682323001,0.16674265386399614,0.19249523971680005,252
2024-12-13,0.043804451213295764,0.09832224850245963,0.098799083726102,0.11798274691723154,0.09404798585401594,0.1013823038894406,0.15781288377328492,0.19807518053592496,0.13719884998366458,0.17910207130224468,0.13990940866189158,0.2513340955990934,0.24818422662737674,0.17130495180281738,0.21390799349793105,0.1024209490422032,0.19000466123478932,0.2079400171800369,0.137987756400775,0.18213156083328,252
2024-12-16,0.03199376978151688,-0.1322607598740171,0.13572178609016977,0.11174002829090454,0.10380107966755497,0.11608877569876658,-0.12303280844283736,0.13321382270179682,0.09181520143286921,0.1616057239550915,0.18606399630711867,-0.015529693305983663,0.21350058685696627,0.09755618311489123,0.18423242738161016,0.11229564820950837,-0.08633126839839339,0.1881433067707185,0.1010684891124995,0.1859455661480122,252
2024-12-17,-0.17109917096398156,0.0070316462809645605,0.2350295614011814,0.11021009154615805,0.06772950883412585,-0.26481633556301454,-0.07105953602924785,0.15695907625971792,0.02085048690138564,0.06863893434004624,-0.18251069065962647,-0.0056575339354939785,0.1855117681543725,0.016693139026501682,0.10218240516582447,-0.1820897352565288,-0.013668541423572217,0.19330147393079594,0.0410549499054311,0.092130226057557,252
2024-12-18,0.21056580332091035,0.2335081044102014,0.12076419596158827,0.10177642811029115,0.056096365322576926,0.3134346527274314,0.3005568711633832,0.06779908856643115,0.07605624985670181,0.07697804880484854,0.2024485087695123,0.23762174826025753,0.1081650696709371,0.14311505762789362,0.13841182307303715,0.24069573752347442,0.2630318438410616,0.0802721142004008,0.11340216431798016,0.09343638666960603,252
2024-12-19,0.15338647511435832,0.13510006208860856,-0.00012135067352805117,0.013065762525972616,0.09720170193696817,0.1458989263923414,0.08394760206927311,-0.12264270168582976,-0.07838986769055498,0.0397831557803398,0.2074029668125044,0.23358945175309928,0.018640339787171004,0.044997926564775526,0.17910212160646904,0.17467413184700437,0.1778942256240113,-0.040365086749615184,-0.01377688359643428,0.10546636420416997,252
2024-12-20,0.01278742917578344,0.147777233315065,-0.20463786793707225,-0.1761743718110903,-0.04514404362218904,-0.016891751534789452,0.1371339897966275,-0.23363895209307814,-0.2121837932626677,-0.02110511860053117,0.04681551468764295,0.18483633174541866,-0.10907461512662657,-0.09265212614875021,0.07403513555588087,0.03242865203714359,0.15509483068043514,-0.18816668110336576,-0.16672553247484362,-0.01117907650014989,252
2024-12-23,0.10533648078384919,-0.24348980259114272,-0.24926498527180835,-0.17276995569435585,-0.1499750405823539,0.10940961951604275,-0.27191564116150685,-0.2700359279211018,-0.21107884118753042,-0.14361028239838877,0.13294558164878256,-0.20413112354770135,-0.16270634801908718,-0.09328746940502454,-0.05066784300731096,0.09760666193735562,-0.24476746163611704,-0.2384463792733405,-0.16322508029517566,-0.14164111789478762,252
2024-12-24,-0.4069964983494326,-0.43089286325906495,-0.32102024940471824,-0.21286499062106415,-0.1540865111700726,-0.43763634838955007,-0.4823600639445308,-0.323632854371382,-0.21512566353374446,-0.11084990200408305,-0.3213382354169777,-0.3244963924627898,-0.21555496856163314,-0.1266903023301727,-0.050794023961303614,-0.39001441513573937,-0.4158320375875922,-0.290260726091798,-0.1961251299895742,-0.1382491140307987,252
2024-12-25,-0.13872659302528778,-0.09495287072819451,0.005811695150157475,-0.015879924383929135,0.0397831310442781,-0.1648766186755588,-0.13618184252174234,-0.01947863987538644,0.009061824295323196,0.09406434878674079,-0.06277882222975412,-0.07473021568718866,0.04335811872370326,0.04620190673698294,0.11427631376366115,-0.12099092497789074,-0.10549690591458984,0.022345836866130408,0.004322260353199793,0.043563827812912945,252
2024-12-26,-0.026936716829224872,-0.03593072450751791,0.0256881870251486,0.036423909293976,0.03584009277334393,0.006502771233095479,-0.021864900823592846,-0.011847095086280086,0.052684395855296,0.07092591599718663,-0.04635255495405597,-0.00829156802905042,-0.033460352115602825,0.012856166916861152,-0.012140139163068844,-0.029695238599851924,-0.025997966677537183,-0.02520080919635107,0.018116248364489145,-0.02746369587286393,252
2024-12-27,-0.06622121510322883,0.019555883619726277,0.013981671165695769,0.02027231199626228,0.05816189577290296,-0.10911022549387656,-0.04876693338098543,0.038214232035011765,0.11057974410648948,0.13660749084930102,0.03242224107090859,0.07699382132727828,-0.031881825039271505,0.058957056442695284,0.013639895884525468,-0.03910089562566898,0.022694644872338618,-0.010298296657871771,0.05390373529549988,0.013535257377334702,252
2024-12-30,0.10466986911928135,0.0990856151260917,0.14328198732876993,0.15584897879223267,0.14634851725808629,0.026942807283057504,-0.05631191009889453,0.10864537382196397,0.1791013214285984,0.1286397428961896,0.07504131303553095,0.05748989636403851,0.01113123568919739,0.043708171774694146,-0.03436890110665624,0.08760538026553152,0.06501522647916735,0.08726866567483486,0.11234007069887701,0.028459546084567085,252
2024-12-31,-0.058024477846060594,-0.14044174517122357,0.09047973254359132,0.15228445658176182,0.13011536382759842,-0.18017561865575601,-0.18364420371175458,0.0711170085316345,0.11525041674375794,0.10443144701687077,-0.05632002238020812,-0.18540263583003336,-0.031397923927733044,0.008790215777777513,-0.00033615342300723217,-0.07654407127901218,-0.19242963320887832,0.045889451910875324,0.08005807025952441,0.04458798732880942,252
2025-01-02,-0.06674823882687164,0.10012836123289512,0.1425997401433892,0.14880368863921592,0.1605782787446155,-0.029902890671290056,0.09559164412977032,0.11153418170719061,0.10670405863135297,0.14343144904581726,-0.08997570335485047,-0.016375106121117682,0.017933878847597323,0.02096135408032872,0.020723241576362374,-0.1008473551434174,0.042725075922062164,0.08674396329399181,0.0759026252952206,0.07566815581970782,286
2025-01-03,0.1394960165466525,0.10466494085973696,0.1378828178220892,0.19972541142405204,0.10141235358950616,0.12109643979617105,0.05421409978035366,0.08142199628895035,0.1367703191120641,0.07236486907793359,0.07065568620761871,0.016049901874853525,0.04699359453448112,0.12793857057238467,0.015111392437951027,0.12841094336363623,0.07378914047818619,0.10273065248175246,0.14979181338044195,0.03184745722365036,286
2025-01-06,0.07202537589520837,0.04921848127441343,0.18321388858418433,0.17956280730864022,0.12029260490462017,0.04736419161043814,0.0043384369220496495,0.19408840836052843,0.12226162399450129,0.11668638401350886,0.08168444363565233,0.03279732836507131,0.1661921541477525,0.13685072598517797,0.10475137987817523,0.053062415312417566,0.0053386277856733505,0.1691140129366814,0.12752605765951647,0.0875170322602028,286
2025-01-07,-0.06599586659989333,0.011150612028895782,0.12697235873826862,0.1257176187061611,0.0823210128721816,-0.14634852218414374,-0.06097936635905909,0.10406112045159895,0.06619047973896677,0.1073741795568462,-0.05709127761036019,0.014319194444568544,0.10751498922183997,0.1022958864273747,0.09412217945784467,-0.0889597162718726,-0.02156392405444147,0.11360417609909476,0.11231669488062891,0.07691589921622786,285
2025-01-08,0.07926787617260035,0.13613531050580913,0.12330573285885617,0.1906985998548916,0.08633853828205165,0.026816031687688993,0.15962182337342815,0.1375520867749685,0.168342061643507,0.16906182387551766,0.0495914623528805,0.07413438847139088,0.0825169518001891,0.17210873951074154,0.08914118694594161,0.04927038373794165,0.11929551605362264,0.119883768669706,0.18314041810623252,0.07954335006272391,285
2025-01-09,0.07112980527331875,0.06800952961473979,0.022219500468536997,0.10643040704320435,0.04467138645480795,0.18320265252692142,0.13800159934825582,0.06329262928725012,0.11052868826940035,0.10409961115910048,0.01585047709735643,0.07524456629480894,0.00878254845328584,0.10339897997454231,0.04565346307078999,0.07801632998987323,0.10372175806226394,0.015764184847500588,0.10336178197874536,0.037077884007181955,285
2025-01-10,0.019383048955418723,0.05641259402123216,0.04891158736182881,0.00023213667312580642,-0.004672750888392744,-0.10343061396697448,0.01663952967859074,-0.03298004850719497,-0.03540111119716052,0.04831987579500593,0.04669101703607425,0.059148137664921406,0.06361171355709731,0.017435078570076947,0.011511560242089078,0.011794271116533864,0.040185750200772544,0.01866496874363877,-0.020232464968995736,-0.0056421225609668765,285
2025-01-13,-0.0057981107514007806,0.014485732947008872,0.03319052230698416,0.026931375765116273,0.028871800755405037,0.032423662545781044,0.06527970597908465,-0.0668330808786355,-0.03548108504978731,0.0659611423618969,-0.0380817014740469,-0.041908066101941206,0.00019507665464737494,0.0006576091830051285,-0.02762873392132158,-0.0324005711713876,-0.007838096068173836,-0.018363226202730055,-0.023422337143758347,-0.012521678820971697,285
2025-01-14,-0.0361472442712516,-0.053247822074901904,0.056849740379398016,-0.005407944144303526,0.03920239664594857,-0.06243716532526829,-0.10265460424441204,-0.006712163718858957,-0.054155994846135445,0.08077892556902797,-0.0987936244086799,-0.04500569608638078,0.02065683351479365,-0.03396095199590055,-0.026784393989433664,-0.06544792547872916,-0.07500159474079574,0.02722973322653743,-0.046204143990696354,-0.0011523702514307389,285
2025-01-15,-0.10176495125837358,-0.010726879823226336,0.027594593646863914,-0.01952466525436125,0.09395845270222876,-0.20022378603697322,-0.09556329369014444,-0.05774938082192519,-0.10630456036505852,0.07801672025698063,-0.053367933445714374,0.04630097938224347,0.05443346789231469,-0.051239149084958406,-0.04583451867558835,-0.12041720847642899,-0.040617641097877036,0.03392120328046447,-0.0900995099686626,0.007950992895667886,285
2025-01-16,0.09888281301883589,0.02843607026867331,0.030497251605113247,-0.04322990692311103,0.0484360015143226,0.12370829078949322,-0.0023642116402390373,0.0699341687018421,0.021393050816147927,0.14641935389812274,0.15313693382448137,0.03421891499087229,0.050558704624318336,-0.03265399542195176,-0.04513218208976328,0.1138291028965142,0.03169983091566832,0.05216263851551489,-0.03430866105360084,0.029346802699495227,285
2025-01-17,-0.010417254303731822,0.029668974118093522,-0.054226240063895564,-0.04065298430624183,0.042322273865689264,-0.044717233890329715,0.015184213895135135,-0.040161960205418144,0.0254508332461411,0.053098110046099496,-0.021552004841221387,-0.026137619183025772,-0.028901382714485585,-0.05277257240985711,-0.01106117600834648,-0.010638039969261598,0.026393643705917073,-0.029863686266325736,-0.04903818419953541,0.012892686791744315,286
2025-01-20,0.09259753261793502,0.1403360392588318,-0.01799402391907835,0.06743957355317155,0.012586439012394084,0.05507391589941838,0.16392157063635537,-0.028096323064464582,0.04275692466186785,0.027003926130292774,-0.03273226043066656,0.10582365257722882,-0.009981069641467392,0.015199339951662626,-0.07462532676135274,0.041157257654040595,0.14071897203283643,-0.014570553931834066,0.029759059662578736,-0.04337427887942196,286
2025-01-21,0.14066929425327737,0.08197162493080405,-0.03712328940767435,0.0951555333070442,0.06800285890312119,0.19096593713256327,0.14092361200372353,-0.0564637384167355,0.07576336413921429,0.03999374692955523,0.15426704489765783,0.07944206861680089,-0.05190739090214874,0.06309922454422366,-0.05282385666733475,0.16841351021183498,0.09709696806150339,-0.05983815329563225,0.058970577806860075,-0.01658320476029348,286
2025-01-22,-0.08431272428125312,-0.112961551434922,-0.08272389152853511,0.03096804540605011,-0.026728065340360648,-0.1535409829877405,-0.18035792054092653,-0.24571238553577357,-0.05574414310762707,-0.07257191332706663,-0.09852807157494227,-0.19366765799702346,-0.14483370745326787,0.0363000787450908,-0.06881765051973995,-0.1261387792181678,-0.16585127980457873,-0.1843372531410631,-0.02587443993411457,-0.09486345749609361,286
2025-01-23,-0.1277685602460375,-0.10525376496447322,-0.0711465198226581,0.0865406776160288,-0.06730731379427625,-0.08138033150073586,-0.11905102129021188,-0.16508424273529987,0.04438137765865769,-0.04848990203297467,-0.14327193403145536,-0.11141863454919183,-0.09890518695917036,0.14214613918646932,-0.10856174836940558,-0.12267300381149884,-0.12591195908168246,-0.13121767777451881,0.08789045017207422,-0.10479697491126422,286
2025-01-24,-0.05370378509303983,-0.054022289126287495,-0.012348472840487536,0.06576022642451695,-0.0522389206451683,-0.11957891917988046,-0.1938671411097279,-0.19185649929128037,-0.051431265233497406,-0.11756258501780191,-0.05150388695889169,-0.09812725798656598,-0.03774665017084217,0.08224752468977062,-0.15377212860993952,-0.07123190322872507,-0.11560433005301385,-0.08451745341429641,0.05008678104272821,-0.1196021469275186,286
2025-02-03,-0.026203162839564698,0.01726475996344536,0.029448435857061497,0.06832351783426266,-0.006112394922324322,-0.07621237243178429,-0.14733209697039323,0.031196327461863634,0.09825807957189095,0.04582673022299735,0.017557108087588015,0.014490801732211655,0.09332276391728996,0.09528336247298477,-0.10546467412134593,0.00679684366961936,-0.011901993496926977,0.05184091925411778,0.10073874438340923,-0.02512527726842302,268
2025-02-04,-0.0590678776322865,-0.06156526664762385,0.09363325413134219,0.08886062220102675,-0.004133837916218986,-0.18603577762148502,-0.11000179095867679,0.11864151597592798,0.20334033132952511,0.13959442343266748,0.001733620504571041,0.028563401381381304,0.17773857438392096,0.11445359060118251,-0.05473159314901035,-0.06742121093937146,-0.03057513027193752,0.1516033286018335,0.12903105143346935,0.003080159749935659,268
2025-02-05,0.06325821902055069,0.09820607600608587,0.2530137076538714,0.11643592425645068,0.029755132280761314,0.08161615885538645,0.13397196233951794,0.2645689912319078,0.27410590603748347,0.18405540592876254,0.049777149126014116,0.025065550250914084,0.22609006800525933,0.08444488461740345,-0.029593448670853527,0.07164892102033983,0.05687531912956229,0.2592862408867358,0.13734627744118894,0.04677693566410023,268
2025-02-06,0.050578374223536726,0.12865673578899686,0.24304363204372537,0.1643663762479114,0.03781435362533856,-0.01589887836939181,0.09565322187597193,0.33572995947680834,0.27238617082107397,0.15041284504027033,0.004370482680351526,0.08788087167214864,0.2618524310806667,0.07801826368056466,-0.09167966912513491,-0.004230471685511327,0.09695516071288747,0.30340192483986406,0.1463096608285107,-0.013484481227285003,268
2025-02-07,0.12830274950940312,0.050694120986533,0.13737281903490886,0.13269442115556504,0.003017977817395354,0.18086810714598353,0.12430177967981254,0.2569586961580714,0.20077261841616006,0.09308850538600107,0.1360195464390206,0.152289947733338,0.15962932262659368,0.05677529176215085,-0.12156879801524331,0.15599160330947257,0.13496577610852842,0.19649670794050553,0.1041438854571661,-0.0673609353404974,268
2025-02-10,-0.05051207630433706,-0.039528491139621924,0.07878320736501837,0.029729525057034523,-0.03294231609601398,-0.0636786973493256,-0.043950659198234716,0.1089168926857119,0.03858666835755415,-0.029415523656078704,0.07802099107151299,0.12724735216890803,0.07199673788929711,-0.04324607020236273,-0.13092712972751977,0.012641621959752058,0.05547615555135994,0.10327341407900861,0.001762440809235234,-0.08455770732088394,268
2025-02-11,-0.00939339086347118,0.12009297210890058,0.10859864659269809,0.04135133529337523,-0.050066626674587056,-0.03878638849939018,0.09645958718190083,0.0735433842995155,0.0090971961187913,-0.043449541510604116,0.07931430123196223,0.19205281719452144,0.028511764027577977,-0.046099585980955,-0.1157231260579015,0.04705853722202738,0.17075435621817167,0.0787273253696008,0.011939232133423799,-0.0726151989950725,268
2025-02-12,0.10436464920125393,-0.0017495958692038069,0.08675742506945788,-0.0026574110558048834,-0.07548849267555821,0.12355971669181044,-0.04337151161445614,0.023283919116843837,-0.0639095869487242,-0.0825856314120549,0.16737773048694435,0.0018525278832142223,-0.0060567867913265214,-0.04504194876806329,-0.0963164094527552,0.14707861246109974,-0.018341762058191997,0.03610696962436238,-0.03195853408542902,-0.08801727653547975,268
2025-02-13,-0.1115952553710052,0.03213538279498738,-0.01320750408342451,-0.08520950438949168,-0.17583789218764864,-0.20861165326431128,-0.10199527548381968,-0.13858287013866571,-0.17032370061404156,-0.1881357866236958,-0.1536265606683868,-0.048701982765333926,-0.13751704235592888,-0.18113748226272608,-0.22969672080426684,-0.17594567759932722,-0.03373308528772,-0.10905403363924421,-0.14973142524505062,-0.22413727539226874,268
2025-02-14,0.1359218106300558,0.07625203453319412,-0.0006385078917481475,-0.15392280282598994,-0.16283429185498408,0.1236119253856013,0.08107090348107689,0.009197053357293835,-0.09544062569513856,-0.10686735935331482,0.16083272574237326,0.09434869381767105,0.00737176341529676,-0.20178168146706993,-0.15636567772393936,0.17542978296600836,0.11074837215165792,0.02769839252696926,-0.17574526566573945,-0.15288416250315862,268
2025-02-17,-0.10447229628575141,-0.11169986657243784,-0.09390159864843031,-0.18193376219105348,-0.12801517784795868,-0.09953496929130132,-0.14861578544131943,-0.03753449405435684,-0.1482139083229929,-0.08291076375280787,-0.10257242224622512,-0.10933476757458307,-0.09394896467115425,-0.26074109242065463,-0.1611846743070899,-0.10742819015539853,-0.1349013664844914,-0.07659331063944871,-0.23502571332033637,-0.13447539730514216,268
2025-02-18,-0.1816215993951437,-0.1408333954926293,-0.08738190457552318,-0.20491401779916885,-0.10503657215712771,-0.19494177973308954,-0.22390011933421666,0.004512492040120449,-0.15964640022963458,-0.008152529671955929,-0.10962218237297387,-0.14386943492284343,-0.04458237937296786,-0.20334588300887543,-0.15093362694668486,-0.1611617893294582,-0.1752228191694398,-0.03580473530120717,-0.2142038105656314,-0.11274829462126218,268
2025-02-19,-0.16743931198326237,-0.04631524257767383,-0.030178966495598394,-0.07647033751347487,-0.018424442065831045,-0.1998751835016337,-0.10254031381853121,0.01272837029941012,-0.0013494342760822554,0.102264449134729,-0.09320334365212431,-0.011640118159810052,0.006064823037368231,-0.08232562969074834,-0.05509683053868403,-0.16801120464205188,-0.0587025212999435,-0.010743849503903911,-0.06723418344643786,-0.005455625120038123,268
2025-02-20,0.07368818638848268,0.1165321585141738,0.01394294493632236,-0.00805507109487774,-0.0013253456700957054,-0.009173401198365917,0.15219156078560495,0.06300845359123519,0.07357309065206513,0.12166544683048151,0.04740633147562801,0.09212518088713291,-0.004218053181359833,-0.0745660748112106,0.02638338767779213,0.0574250362770757,0.13664810466171243,0.047782844577359325,-0.015391319986166462,0.05268703110607747,268
2025-02-21,0.006206301522342598,-0.03825030360262017,-0.1233028033677796,-0.08187633542414645,0.020247352511008485,0.10054282443279416,0.04990683465834688,-0.05891551091177886,0.07275640552469065,0.11398144552323039,0.09214117286549733,0.06714906271713789,-0.13222419371498934,-0.06660735556024128,0.021639277017525355,0.07641430552101765,0.0520455831326604,-0.12285126304120567,-0.06084468407390697,0.039391957648257044,268
2025-02-24,-0.09194359081468391,-0.14217309285211763,-0.1389793076323834,-0.10655402346898199,-0.05075028766297433,-0.054230913783219786,-0.10331085812513055,-0.15444229507792848,0.015557913256001228,0.1243837256985231,-0.015098538544049632,-0.04426867599668426,-0.16039314041899425,-0.04479961394067365,-0.023452162156243652,-0.03515785580933698,-0.09343252036667551,-0.16557916625373215,-0.07296218354978845,-0.013516771747432694,268
2025-02-25,-0.12388870804608498,-0.11161609982291956,-0.1667514320874502,-0.018305870087123848,-0.028601978089512512,-0.16907927993523436,-0.19167805930401371,-0.10696320866451199,0.1089767248255207,0.1341302369474812,-0.12936494236789658,-0.1299201399743376,-0.1569101864617169,-0.00480490694217545,0.03090575203685552,-0.16441249192413737,-0.1592531487721669,-0.1829320998836458,-0.002834430364838001,0.010574849438981782,268
2025-02-26,-0.06314594326071706,-0.10724346737809455,-0.0519517729878841,0.05071843349593877,0.006225830871477951,-0.1088932988774602,-0.21940394187766438,-0.031364869668661574,0.10683984896917811,0.06941493477863699,-0.03161011271331793,-0.07882308644465502,-0.08348828160700973,0.050378948421223424,0.014065128614163857,-0.06773940707296908,-0.12741759444639278,-0.06967678147129314,0.08182512770949309,0.04347777298203345,268
2025-02-27,-0.05817832384440793,-0.005594679485442305,0.05746943595953168,0.03357665814494721,0.017596154347027885,-0.14021904441796762,-0.09303835477504693,0.09282802749750262,0.02383079910626905,0.10433963742284191,-0.12136543063572336,-0.09032034302348833,0.0016185371153639183,-0.01720856530295896,0.00609900657462346,-0.14415845625555432,-0.08117238211372625,0.040062648643409866,0.018286759208495464,0.042225563148661105,268
2025-02-28,0.030324999281579314,-0.021231925687851504,0.04671478112831453,0.07593745796586122,-0.004415398227201144,-0.009712507967684612,-0.00876816252282217,0.0874359583989642,0.09941191983336606,0.06996501655667053,0.059454745796182235,0.02635815688323659,0.10535284127934759,0.10529940213193532,0.07166504743080554,0.04272804988544743,0.020671397630176298,0.11597649323612705,0.11783548094534169,0.06251104629586135,268
2025-03-03,-0.11003221411714274,-0.19977860388607951,-0.1529791200767069,-0.03549809046081615,-0.03112214241288635,-0.05089215022515343,-0.15763336093464028,-0.09441982009506829,0.08510710673876239,0.08216625815202336,-0.0025267791146207546,-0.00992675299585997,0.03697490759089325,0.08328491663761103,0.07748455258063221,-0.02634470287967008,-0.11320066761917781,-0.05485718510348453,0.04631975532105699,0.05123251975282741,319
2025-03-04,-0.14779469163115952,-0.004369935817759859,0.05562065530606772,0.01334929058829589,0.04054683525560502,-0.1947005747421512,0.003939355280216297,0.015815836066695246,-2.9761054895996577e-05,0.10888418767562753,-0.0667371099849796,0.04325732757010715,0.09749936293348824,0.06261363731337719,0.10809149653284522,-0.15988565832774385,0.04635990986313127,0.07904054696385761,0.03487052892320305,0.10134063020169311,319
2025-03-05,0.09040118861296575,0.12214426354839455,0.10566614946624955,0.017293509235853047,0.026078845646548575,0.09071003835416394,0.061231548640048185,0.02139294097854032,0.01631690171105728,0.1397218080892399,0.06925123442484862,0.13359352710142966,0.15575920732636336,0.06651860637395939,0.14179436908856813,0.10229351414227333,0.13499646831495563,0.10024079717185795,0.052237116230316044,0.13208884958952796,319
2025-03-06,0.031608723107983266,-0.015100826562632591,-0.05268569942319286,-0.029071475579033185,0.06270648301564732,-0.02760220404618269,-0.0878426822043505,-0.13708172495497886,-0.011277079172369323,0.12238590568734788,0.029010770524522254,0.014152223712454446,-0.02304426467059269,0.048375374962882044,0.1134792540142846,0.006408553233358835,-0.04433221312491947,-0.06206854613235923,0.026538870491694733,0.13285697729804768,319
2025-03-07,-0.0593455704372492,0.14939308562956008,0.011517750949393377,-0.005898006626835802,0.07155639177081,-0.17994494079948503,0.04434666427993555,-0.01764570516219637,0.036503195429470746,0.10581476321511969,-0.06150597847927711,0.14102309213750244,0.07662166611202147,0.04660606720949326,0.10914546724625662,-0.10819185151578585,0.1550597422576273,0.07070943439646638,0.07417622762812809,0.12684470875817805,319
2025-03-10,0.18924644676457827,0.12541346701110792,0.11939633004074901,0.07339777467261119,0.11601190673532231,0.2334670495305402,0.10670523236950769,0.16802691060121405,0.18849902752630301,0.12927136860312677,0.19590796766721322,0.14452410316678407,0.10570488316232125,0.08941054986688185,0.1049148025191861,0.24701250808517844,0.14059089123306462,0.1545966477837344,0.14920724773195607,0.13935576598372323,319
2025-03-11,-0.11408825080468885,-0.22750611984511887,-0.10173932750079204,-0.05685288064346361,0.13587114397863473,-0.2097820566236781,-0.271946113169506,-0.10660822449077824,0.006306408382314508,0.0723552205692993,-0.08813500372302205,-0.20238635031325672,-0.07848330041766396,0.008616800430316431,0.07684657286561959,-0.16321875148246315,-0.274968338571515,-0.10575790816501829,0.0006243749088618778,0.10844642061528757,319
2025-03-12,-0.22665661265890408,-0.04287813536498198,-0.04177586059464503,-0.056458225872491975,0.11944207271310345,-0.14026186496940335,0.054629438273090324,0.014095318488648057,0.020351215683906847,0.06836762126758736,-0.18744507479257733,0.021097692397270718,-0.04938492901882385,-0.016162276043627778,0.018152747663239502,-0.19623879531167493,0.027997903703667,-0.013514506555803475,0.007030745953468282,0.0793532778095911,319
2025-03-13,0.1992775656059446,0.20165412029022697,0.07278222398282304,0.04837772052403471,0.2128381806159264,0.1402092430401449,0.1452288827784569,0.004907182239315626,0.06257116905251425,0.1316696234065948,0.19690932350137416,0.18345190256180693,0.07574867426590776,0.09817934481449037,0.1411368143751909,0.21653973229426207,0.207573840285772,0.06848623888469539,0.10093962300569151,0.17332601634162195,319
2025-03-14,0.16778891366595391,-0.005850041536789159,0.014511809397791276,-0.007688235086494484,0.14438919050276325,0.15381910839847082,-0.06993070085210763,0.008843580804125811,0.028943103987728747,0.13556203339630885,0.11748807002086113,-0.1310785230969079,-0.008296405777201955,0.026560866574883536,0.10857963862275925,0.1399710249878303,-0.10523711168772125,0.014100002630323918,0.03736254637774723,0.13582172617513064,319
2025-03-17,-0.21956515016665432,-0.14239859566229662,-0.11931288576793654,-0.023062290205027893,0.09760677368434907,-0.32955784693903895,-0.22599868836170378,-0.1272939290812908,-0.02133287839044259,0.10765456871179224,-0.2965421506343648,-0.1733657221633339,-0.01243705426321628,0.027654593100957837,0.10569294529015316,-0.3127678746990845,-0.20170391305117433,-0.07047464967389817,-0.008424652464220275,0.11355911323334256,319
2025-03-18,0.03256122090489263,-0.051997370589759756,-0.053148363649119484,0.03942764560630367,0.1832048089659464,0.02216858935726694,-0.12034627248250848,-0.04793597249621811,0.045025990774229245,0.174902134601524,0.04789898252443021,-0.01992491055099735,0.07651288252071402,0.13753862395979086,0.15753203246577333,0.041578529516655416,-0.054355828117559686,0.007236385935790094,0.08882846827809635,0.1771099861244798,319
2025-03-19,-0.09097758577744436,-0.10434084644043677,-0.11187987908287474,0.03032470243323092,0.14355395120172557,-0.13482025621148888,-0.11761496495137913,-0.1442120744433904,0.04955759051744718,0.18083969843829253,-0.04749727051486766,0.051309138615136134,-0.014278371768193101,0.0801313565907082,0.1521620730713173,-0.08880837054037896,-0.04395830185962315,-0.08453308275690069,0.03836553906923571,0.14461645609056115,319
2025-03-20,-0.09311624557284448,-0.0670284319290601,-0.04911949932940706,0.11077445082759474,0.0890328725410244,0.002388017621542212,0.07951057936269922,0.03473561925760928,0.12526007397639288,0.18764958328547604,0.06915402053301488,0.16186762197245305,0.04800371175409612,0.18863799758502947,0.13735573940115972,-0.015559771385121924,0.06975742021419652,0.003054844694212569,0.1457122184701811,0.11819109268473553,319
2025-03-21,0.025684165007603916,-0.03077242151825913,-0.03263191178340623,0.14938386719364513,0.15118145898400942,0.0895800054923814,-0.03925008905502872,-0.00577498536852273,0.14542008888340824,0.18311037932936156,0.14473465166661376,0.04776766289737833,-0.035109902776404536,0.1541105501042847,0.11432311335262497,0.10696554269291227,0.007281575259569225,-0.028026137263755784,0.15384559934173436,0.13788368488321553,319
2025-03-24,-0.12020131315721173,-0.16636009709874428,-0.049165683206123766,0.13068921239749295,0.1663542445799842,-0.22815939882168554,-0.24932152695306065,-0.10663501407283753,0.10191990611874525,0.1846792237306562,-0.14966009509581854,-0.22126949548644848,-0.06849571456601658,0.11232823017550171,0.12535456378791746,-0.16526441651982568,-0.22043761260055397,-0.07288780506057695,0.12318532722726097,0.1585328548575739,319
2025-03-25,-0.0655203234943565,0.005087929863011552,0.04876409944751079,0.17927688831775593,0.18384494496532294,-0.0753104557917034,-0.013103318268704542,0.03339874309039606,0.1227189665078603,0.18848527629579057,-0.13432773943864237,-0.061816309970551396,0.08874344725335888,0.16718509115696514,0.1459562259162507,-0.1105623120275112,-0.04199173782184268,0.06349918492297059,0.17742800480459398,0.17499174248257848,319
2025-03-26,0.07218030033590446,0.0541741862850624,0.14906632728578656,0.15865994931493363,0.23108181201550018,0.05833209189599638,0.014811357334022925,0.03211124614230331,0.1229696729091041,0.1828728495965399,0.07929889666578101,0.06504682719443895,0.12309680398332312,0.13184169939382775,0.20671982992488863,0.06915326863989629,0.0543744934285948,0.1396107062053774,0.15269531027824115,0.2250471767906972,319
2025-03-27,0.03655147849354443,-0.02687153572666065,0.10249702623142794,0.15902255340698523,0.18611152325908384,-0.003920758322061232,-0.05008102294676491,0.05858982767768439,0.11248747282467825,0.199660383623071,0.013905624737954304,0.06903935891294226,0.19259595844155852,0.19467191459578193,0.217611556258442,0.010389260434662229,0.012809739013894154,0.16266119087704042,0.1806449180239514,0.2197371937799557,319
2025-03-28,-0.0344376720051512,0.0011120076602932282,0.20899728492468791,0.19224539660281095,0.20802103957874477,-0.04199195915528484,0.006878081540818347,0.18504138033841547,0.16518312133404503,0.21875965484583287,0.03580525110998522,0.11199640785087486,0.25182903606696133,0.20741675591177788,0.25839113067454533,0.004409378640786412,0.05501041352351833,0.24027314137815733,0.22419198563909443,0.2617347539187079,319
2025-03-31,0.0004203811132456843,0.025768919316923305,0.13300724614093018,0.1086189917255165,0.11415276770382686,0.00993829335041412,0.09253135514320773,0.2272442459072647,0.17910270650833893,0.21562468809179128,0.07200173242815211,0.07908960653607708,0.14856337271783732,0.17583941772172754,0.2076998127332018,0.007413264309672888,0.06400583016961775,0.17660079893007646,0.1724765636400914,0.20297880677819083,319
2025-04-01,0.010701945672047181,0.12946102861786019,0.1590140551680117,0.15689777592521112,0.12279025198522338,0.09454179278242944,0.17867163064800037,0.2278005033848632,0.22890327951105252,0.21412571460357654,0.03327954114898321,0.1814379386184534,0.2183127539970606,0.24437317815143214,0.2395296090797554,0.0380788511131968,0.1670811415213978,0.1878903991565728,0.21862342277152874,0.19361548053994945,296
2025-04-02,0.057560841527785706,0.20265486350297834,0.10018493506942548,0.15623501119125593,0.07637594935335702,0.04397272448699042,0.26697211856821756,0.17999450296768793,0.2379218751699086,0.15696033670712484,0.09330877903381807,0.23673279890840773,0.10342300886132255,0.21754673952045836,0.18646539556289488,0.07059812645400594,0.22128805723013062,0.10868415475738666,0.2056636464654956,0.14229511185405677,296
2025-04-03,0.16616228220906962,0.0681409753169004,0.07099338960856894,0.16619605024498635,0.1418388509637265,0.15039098307658624,0.17466519277300407,0.02326920051678521,0.12713516365464533,0.12627272064760486,0.18923872165269723,0.18911574265530318,0.12591596848959088,0.1776114871966005,0.13555720356944442,0.16139069192226627,0.11708293058063812,0.06319026070183222,0.16504925911149948,0.14729122106463888,296
2025-04-04,-0.0743948346395409,-0.07957781417557956,0.03324214309819097,0.13381404056556337,0.1350752648619168,0.02968277816311768,0.03779818050669182,-0.09076033452347777,0.09808663721002436,0.011001556464426321,-0.022953847537002855,-0.025113988867060302,0.05645539603379082,0.11841477382944697,0.06541585666648593,-0.05081624805834794,-0.032673128971363666,0.025420177000410486,0.16732944861001395,0.12777880283036946,296
2025-04-08,0.04289667337614221,0.07472363948608945,0.17592610080675947,0.16849785177631096,0.08722175293957964,-0.07414439784416048,-0.18528379439182852,-0.10230691148020578,0.02502349422928322,-0.039441381094981395,-0.10654432565884171,-0.06208396644471764,0.050018087509100535,0.039567526447698315,-0.0337486631764925,-0.041292948997966934,-0.046080627216260085,0.08718500117125583,0.1200019526469368,0.03184017170335185,296
2025-04-09,0.05527972065755101,0.1186283085114815,0.13924873161592002,0.07795222700259512,0.077884898263255,-0.165509698276714,-0.22602222261601637,-0.031676440598227835,-0.03874874532476251,-0.14435177081290754,-0.04417829095133792,-0.02767245997018375,0.04158255651778004,-0.049875375916455515,-0.10634854854228554,-0.019107028037294412,-0.012913235389874232,0.10355488025098628,0.04965373449324137,-0.01338604555822786,296
2025-04-10,-0.10650082237402647,-0.12530603220772688,-0.13546340258592296,-0.07075435241655498,-0.13341245678073185,-0.22233338370229047,-0.2409969656814738,-0.18802091128782483,-0.11377933550637197,-0.27137909414670774,-0.04258955548688768,0.024147367559472544,0.08049613762715518,0.058605975324283105,-0.005136140466462415,-0.13612863712491838,-0.14070164117746647,-0.09277468459156081,-0.03476468051860542,-0.11729183102663536,296
2025-04-11,-0.007080603552550186,-0.009785800462431942,0.002419855720663893,0.05754299751220539,0.011755014399680661,-0.016746216436630358,0.10616014340229313,0.06272435063658122,0.08643341315619905,-0.10885621369352391,0.07867599052430475,0.14099007145343506,0.11428719511222825,0.11537712271359103,0.021527675510343118,0.03878543673095327,0.1612677721580137,0.13233038667905186,0.17563085022873784,0.052662800914576084,296
2025-04-14,0.10246985631824714,0.0855223277543133,0.001569912288142603,0.0728186303839883,0.029683599990636706,0.27683072926681584,0.2840644215476968,0.21640032839227075,0.23524248315187304,-0.04822553727597755,0.17628151621429916,0.21180150596050087,0.11373520257506001,0.09978062251005006,-0.03985439056709744,0.2661234601987898,0.25638810459076106,0.15830915327134742,0.2126122641799362,0.023100237568276498,296
2025-04-15,-0.006348214763483322,-0.0069491731738153895,0.11712814626685535,0.0612014986212091,-0.046434484779577914,0.09771493801035666,0.05001698741331427,0.29877172031413163,0.10174817325693682,-0.09919533210280443,0.12168526432030767,0.05856331673336156,0.12871349226203424,0.023221984921997337,-0.0730195820667392,0.06469020191631102,-0.0009061425815164595,0.20111756962066896,0.10379370100177575,-0.06685638136072677,296
2025-04-16,-0.046624089604617905,-0.08957563085815938,0.06926372339823789,0.05409433893087906,-0.014210686275979436,-0.0180740127345488,-0.15226111270885376,0.1594005986129338,0.019392304441722026,-0.08504661394358229,-0.07859542997400562,-0.15882911855233459,-0.003544369418794326,0.020521390539300067,-0.06316970336926644,-0.09452373746206405,-0.16533611799220707,0.09296245446904496,0.04519102409248368,-0.08856047411848839,296
2025-04-17,-0.05394182926947786,-0.022957256634361857,0.07974525250742376,0.0973862376371281,0.0948460026636142,-0.1275475363393484,0.019095378545426905,0.044485938154840476,0.06512287990590504,-0.0008983596203272258,-0.1450326743748168,-0.0349992525342243,-0.014434122873498581,0.04295001077061856,0.017418610218342078,-0.10769106019714153,0.011720458461574374,0.05277585441097681,0.12152919250072505,0.019234797958893955,296
2025-04-18,0.08055724020589386,0.3150423681592884,0.12371311302219552,0.10007306589049889,0.1627295135765071,0.21312108959099926,0.38540009785451296,0.06792218601233321,0.053010577159776154,0.0745449419866433,0.13174939954408948,0.25928872440257716,0.11021357596947033,0.10658443659816273,0.09500097167904317,0.1959837626856075,0.36740310515599583,0.12474030761112252,0.10671877151583316,0.1051119218824029,296
2025-04-21,0.2827224530531648,0.14731242730230973,0.07167381805724064,0.015600965658405134,0.14826657914666294,0.24033795830283683,0.0910826720036556,-0.05888906202759635,-0.14175832929978588,-0.0018846395170387796,0.21351393419400014,0.10210763450704285,0.0788550523454675,0.032914973914281054,0.10046087505573845,0.28054736265126323,0.13691642551063923,0.045317058470038356,-0.05642643531020141,0.0627196741016586,296
2025-04-22,-0.07574303430519706,-0.11001240029725398,-0.08355554617020287,-0.13407734438395771,0.03920416894916822,-0.08097235169060278,-0.2286801162650106,-0.23565631835018916,-0.2548470373080294,-0.07222804790233345,-0.15767906468627965,-0.19842817500429777,-0.11933633175568621,-0.1653512687777612,-0.026083208406247785,-0.12591410345714882,-0.18975166615588387,-0.13509090019240588,-0.21433945648194141,-0.046955611402402966,296
2025-04-23,-0.10992487436391073,-0.08578356789516314,-0.07724582666112184,-0.048308938080989114,0.06881939889101431,-0.21507367746926595,-0.2276672643467404,-0.18234314231033502,-0.2765272992290962,-0.11496432164237222,-0.14223338026781063,-0.06321164774589665,-0.0803451107067194,-0.20393288869719436,-0.06461113215345891,-0.16903113893897337,-0.14318326294127234,-0.10326418442515381,-0.19873083145543505,-0.05559404460512404,296
2025-04-24,0.05599421850854171,-0.048670776356141025,-0.011662899804084604,-0.032125496669827114,0.0304827926831626,-0.0329575946323138,-0.03010946122842955,-0.03452458509635834,-0.13255519779184494,-0.047508723320886466,0.07992867694908772,0.07980077758643123,-0.06455253881133921,-0.1820060740905565,-0.0840720534072314,0.06250651845010577,0.02627906487402036,-0.03539670086556141,-0.15437206717775798,-0.06382379656175365,296
2025-04-25,-0.09601247989497662,-8.711206807348892e-05,-0.0031730399505388676,-0.05509691580549475,0.08453467939830239,-0.022226943097624192,0.02579753913067559,-0.055394940719223414,-0.2147334525892927,-0.07084064516059141,-0.013235472891427846,-0.10444074455166999,-0.09070788071643586,-0.24687792552763904,-0.09644276359823856,-0.03678526318679761,-0.013366498658737652,-0.06335108455361883,-0.20638184089839295,-0.045311157048246155,296
2025-04-28,0.14925124759464292,0.15224180072492854,0.07416841042337603,0.010482929866552457,0.149557106780432,0.05521754105064631,-0.08383249499555613,-0.17556767120758193,-0.26552803281049037,-0.10864731083936295,-0.07973004760658445,-0.10110999609634319,-0.1747528354983688,-0.2970297121031915,-0.14853847095715,0.06886465214559649,0.02416939875986017,-0.10773480724891196,-0.21333074830402976,-0.039117853412027635,296
2025-04-29,0.12126443177931202,0.05372138174327525,0.06893753063144734,0.07814915752133346,0.16614555413520987,-0.07002718106567747,-0.13786327123752998,-0.2116757993061332,-0.28702064690478446,-0.12941725875900806,-0.050590270255392374,-0.07319905960890459,-0.17441663544564298,-0.23681394029939076,-0.11666222482792937,0.020766991054795056,-0.048278969282916126,-0.10131414714743255,-0.17246591309527448,-0.017330964390475385,296
2025-05-05,-0.08582219518652257,0.010379550534384895,-0.022480944316299448,0.019302186202361966,0.08895472299091528,-0.23854719136692712,-0.19887414662972164,-0.32276885288996193,-0.21404561565595145,-0.12570429024185106,-0.09779733007687648,-0.07222337207873167,-0.24422077065105463,-0.17270682299297024,-0.1386211938357357,-0.14947750903912102,-0.10319039075120602,-0.23180540318059864,-0.15635864330851987,-0.04965715730090302,310
2025-05-06,0.11405433290873247,0.10734285591448026,0.06963362811905834,0.13018450122311362,0.1452986329529527,-0.017680773182913688,-0.13199122043757744,-0.12526439165494044,-0.045434377300811284,-0.02254693476550088,0.022165610441681874,-0.0713154366294606,-0.18050956405572158,-0.0388454510256968,-0.10345363182348896,0.026535081007563372,-0.04834177692978234,-0.1360187020664699,-0.01084253947563834,-0.00447140188952804,310
2025-05-07,-0.03606802323532926,-0.016408075359238047,-0.10820514961691334,0.0845687342781113,0.038064440945015814,-0.2038306522346152,-0.16232263115370812,-0.2462633682987642,-0.025285837866369718,0.049318756144160945,-0.07885297620740789,-0.10169875492903678,-0.2724283624525947,0.07765446231765602,-0.0811655738732151,-0.10359803001863269,-0.11514490828058464,-0.260966085817948,0.029969780510805177,-0.016341433793308314,310
2025-05-08,-0.0472878621269102,-0.05630555872746465,-0.1560363374271293,0.0924316460362123,0.09351094331323931,-0.04414996106647525,-0.10330996673276842,-0.1521214841171798,0.07564240644268448,0.10311984872873146,-0.06588801488779399,-0.23334403221405658,-0.2601590940131718,0.13793603603423718,-0.08247120962045121,-0.07988970506788105,-0.17656099984857204,-0.24985619032820752,0.11724778441358513,0.008369827253163854,310
2025-05-09,-0.10097752127091404,-0.08843807879442761,-0.1094646517183841,0.2471016508354721,0.1078510792030014,-0.14362108971581752,-0.16661033124511043,-0.1858678580810158,0.16493560896897622,0.03724296445387593,-0.2642729120575253,-0.2373731362430775,-0.16805447159948236,0.26550125800723595,-0.03821966960859231,-0.20815903140524336,-0.19641075621958054,-0.20882036081160305,0.2619493632429025,0.016477908075264208,310
2025-05-12,-0.1512540211482914,-0.21788712478372024,0.025732371001001987,0.21676515468076696,0.029329978211053747,-0.1431082869617058,-0.19604439295076545,0.03333069507990216,0.21170240430531637,-0.0007973924326189171,-0.08391325261069886,-0.16986401582542576,0.07239999874871857,0.17761835717137023,0.013438230460543654,-0.1388082553008488,-0.22712903494029246,0.03219856705661484,0.20910201772125522,-0.01999120633988144,310
2025-05-13,-0.1387662721293812,-0.04744560227626055,0.09492085563616376,0.1264240606364163,0.038250249626062195,-0.16416577810193667,-0.09656911999126402,0.02910856800027031,0.15081537190660096,0.0030592323714254085,-0.16766093362660295,-0.07370251557785441,0.23099516306502757,0.11999215411936891,0.07939611236585838,-0.21314080498383742,-0.12159499376886947,0.1332224393787664,0.123067965024267,0.008082625259418108,310
2025-05-14,0.03548327758196899,0.04855557020243211,0.1596864079462015,0.051046217819813146,0.02791695571559945,0.007872466461043786,-0.09603651197308534,-0.012518217511110244,0.04368705989916294,-0.030059980992291527,0.01234444196488932,0.15054965367569756,0.33494436859424936,0.12327161417195881,0.11689462009602705,0.0010506025115915613,0.05442735324713754,0.23112206964722942,0.10964414940598081,0.03569917300437307,310
2025-05-15,-0.052510251780247694,0.003465976556555219,0.15171021070184187,-0.06472646074028911,-0.05348172156189967,-0.24843856607245074,-0.2072051703568459,-0.053559142749586064,-0.11727762111381648,-0.07799704052968716,0.08924516893706876,0.12558291097378807,0.3083440731589988,0.036361008660789604,-0.023461283568528307,-0.0015131834521676902,0.04977933928193576,0.24343070957386462,-0.023689291111035477,-0.04391798469182661,310
2025-05-16,0.14921162661311296,0.047625448283573964,0.2368273243425125,-0.08184976527988971,-0.06266417415933492,0.0436079844236253,-0.030313522394396355,0.11955357759506813,-0.07458982784273645,-0.01290480815291899,0.17190407774210126,0.15173757857547357,0.35018070848310634,-0.01580176377436129,0.008144215148502238,0.17158838101465596,0.10972782805137507,0.326144781083833,-0.06335148230035018,-0.03782915726326952,309
2025-05-19,-0.050053998421253756,0.08361447237458763,0.0998543555615607,-0.035856478358283594,-0.05908666850697905,-0.1509500408569333,-0.02983517696324114,0.021601410641578583,-0.03675747072819351,-0.02885144564085544,0.013849557833435895,0.16681451968864672,0.17029453239926653,-0.043190058394059344,-0.040623164923824215,-0.03708846806952371,0.1150367435937402,0.11012020184268308,-0.07914270031430191,-0.06085774084099827,310
2025-05-20,0.08375281720997803,0.14822002163635142,0.024027972852377077,-0.051373730595292884,-0.03820656425895792,0.029294564929647805,0.09894065517231539,0.044658890513644724,-0.04957589086248172,-0.04878659884318051,0.0972028991412453,0.13039285361560796,0.007990138898598051,-0.13167801909823093,-0.06028647144017709,0.08896814881412733,0.13380401430434832,0.025416557228925666,-0.09959024619703755,-0.05155475852191439,310
2025-05-21,0.06472057157534414,0.16695947182142262,-0.09216799724007453,-0.1217702190800743,-0.09684096680817963,0.01577982874791,0.16322529269491146,-0.03852529280715705,-0.10868080691084253,-0.10789176263549478,0.05262209209416928,0.14726626057679085,-0.08964499823368906,-0.12173858615195661,-0.09272382046013306,0.052291882016523246,0.1712566635760306,-0.09157735435136143,-0.1396374863241632,-0.1099793626842489,310
2025-05-22,0.178963624453573,0.03109593949687633,-0.11218674479738797,-0.17328111312265748,-0.1320577654876306,0.2229501268825178,0.03541309284306784,-0.057217500701513956,-0.16989904108648457,-0.16435049492671105,0.14864005136668768,0.015721474785419874,-0.15805456274255544,-0.18608648784959717,-0.13831749695293766,0.1831444159513491,0.01944553186629204,-0.1360552371027143,-0.2085497586739082,-0.15521645437639692,310
2025-05-23,-0.04583094518815036,-0.17072156631245294,-0.22805755561477448,-0.2307774705467465,-0.18174684089403312,-0.09379361193641693,-0.20957790287630065,-0.23884903955651327,-0.2440836564791938,-0.21983824954198872,-0.09243203881513198,-0.2086367209426126,-0.27622833645678974,-0.24244135800616448,-0.20857604540969615,-0.09123222187116461,-0.20703972036857668,-0.2709735545013391,-0.2588802307832898,-0.196744849769303,310
2025-05-26,-0.2081756974126713,-0.29203569500270715,-0.19287949838284313,-0.29805611888325595,-0.15725894000606383,-0.19612443492383777,-0.28562640350491586,-0.18312989624313894,-0.30300281930665723,-0.15710989032116146,-0.16691451001730817,-0.26321343796791297,-0.20218009146277074,-0.2109808094636276,-0.13201094011141667,-0.18279686551590105,-0.2859326020165843,-0.20352889077453723,-0.28334657692293325,-0.12832480611376298,310
2025-05-27,-0.23809918398208638,-0.16606240908186698,-0.12187571203859132,-0.1572231994277266,-0.07904912262212505,-0.30288537940974825,-0.25610450760123765,-0.12379428819912039,-0.1832492656787436,-0.08661439129476918,-0.2373441014725878,-0.16114238392454142,-0.11055430676552029,-0.08684949538150792,-0.00347649355844774,-0.277739311322979,-0.21570123144569503,-0.15319866225988685,-0.16463333234340485,-0.046141506060238216,310
2025-05-28,-0.0629330114275562,-0.14027740928326696,-0.06265304676611118,-0.028460696951338436,0.011717910739352183,-0.0995452915589539,-0.1289950351863944,-0.02692665684913598,-0.03327552235296105,0.04348028371824482,-0.03948848725811458,-0.10384469049584232,-0.030957196043652095,-0.008743004202118291,0.042358231708562066,-0.08106855207600411,-0.12988086531970885,-0.07457384306362716,-0.049635339645466334,0.026867299147042605,310
2025-05-29,-0.1084872984094121,-0.022672524993527524,-0.05348565356786163,-0.04997775356543317,0.02970825116410591,-0.07633111523751826,0.03375728589080979,-0.03362342391905537,-0.08693668654768194,0.03930748305880154,-0.12790675447268982,-0.04897899875826252,-0.06467646083656257,-0.03903910403136728,0.051193549559236926,-0.11091050195621789,-0.01781755996440641,-0.0550545924755437,-0.08098032275957143,0.05102566856067987,310
2025-05-30,0.08005355478643328,-0.01651089595334874,-0.10745207970523543,-0.14267217007148159,-0.026670821977718875,-0.04334178213083123,-0.037650909599427726,-0.16673130683597545,-0.2072979047243997,-0.10105164539072531,-0.0023495498412299887,-0.013900475845526913,-0.08696075359069118,-0.11217123862922437,-0.008147522325703921,0.01607328926759406,-0.01785737142785244,-0.12349914382159517,-0.15069592101326465,-0.014011799276268336,310
2025-06-02,-0.1985872678361697,-0.11442300521178166,-0.224145816835181,-0.18676555570977676,-0.11453241004841273,-0.15184588737377389,-0.14550327230386834,-0.2539546535963958,-0.23215098436493956,-0.2268422242547356,-0.11343091974642959,-0.05151819637605351,-0.1815671324150921,-0.10321218236481722,-0.05895307018986501,-0.16773071464462047,-0.08775595526696893,-0.26400610139074565,-0.17748842512023583,-0.11952686839991057,284
2025-06-03,-0.06887599464571045,-0.12327664424812232,-0.18514003850582506,-0.09436796555464487,-0.10541503176445019,-0.10536340292963467,-0.18861880096013536,-0.22347994800279117,-0.18147425090087296,-0.22452522611318076,0.0030201592679793667,-0.06300734858557488,-0.08835859004881573,-0.08449716094317992,-0.03298678416041112,-0.02789274091601345,-0.12320119738050188,-0.20489547363097926,-0.15636519755279035,-0.12321564770600042,284
2025-06-04,-0.10252695855220195,-0.1738179922139346,-0.1338189681174591,-0.08189210363215772,-0.09088362685948895,-0.19905632880710947,-0.2744134175987861,-0.2420494036535883,-0.23132137587743623,-0.21769090238062797,-0.08634072088964956,-0.08929397987282386,-0.13689392920166546,-0.12407835527848302,-0.03881190130824049,-0.13479224403234832,-0.20611922684639875,-0.22267943704770388,-0.17007202777336247,-0.1318095693139901,284
2025-06-05,-0.16867936730247948,-0.12106580087259412,-0.08914269006002194,-0.12463548881258954,-0.12928287637249838,-0.21998369377380556,-0.24883753926638957,-0.22120964987022818,-0.20788306736520148,-0.16643035059221442,0.019918393790029496,-0.10190137406621931,-0.0895163207989328,-0.04671837403310239,-0.01869949670797292,-0.11346597689588371,-0.1588476768854639,-0.14973021382887466,-0.1341013099432977,-0.1534662763117414,284
2025-06-06,-0.11245790046023718,-0.15930109323066766,-0.1583430912065836,-0.14660309695075618,-0.04752648618292109,-0.1846142624858948,-0.19140304291156648,-0.1463837628512656,-0.14589528623861686,-0.10852664132008635,-0.0837131194808262,-0.062138923682175794,-0.1530263348229526,-0.07006303403509982,-0.04160254706644049,-0.14117455342323948,-0.14490077359612247,-0.161007419910257,-0.14724780348558994,-0.11074690573989517,283
2025-06-09,-0.12236073428315668,-0.14856733278780535,-0.11492606948657744,-0.12767501101917486,-0.04961634572495469,-0.15587878689056578,-0.12720311561411052,-0.11267029242553481,-0.11157393394043758,-0.09061254873959586,-0.026536087857774365,-0.05463570686712321,-0.06545091100911783,0.013815038515536683,0.03685748741358522,-0.09824017080505024,-0.13365118760158376,-0.1332082238911078,-0.09523528406230876,-0.06095308537789401,283
2025-06-10,-0.06966778682168424,0.06972017689313617,0.032425075829241125,-0.03556704009097731,-0.0011782243107883298,0.002201171295777727,0.006119954443124823,0.017154264341011895,-0.05195091642195938,-0.017772896378867236,-0.10402190533258987,-0.10750342629038459,-0.03604754504178571,-0.00927154276251957,0.034597116531585884,-0.10288846478482719,-0.04601678538440881,-0.04240690490678671,-0.06521736003034834,-0.050687762971484876,284
2025-06-11,-0.0036412306787680024,-0.10343962338623588,-0.06780681850279051,-0.10612502981310848,-0.10168499321145433,-0.09155470228505605,-0.15114038602436883,-0.0947492568926784,-0.10001841302918064,-0.10458418834745663,-0.024075186598796712,-0.1355989767879669,0.0005038252446086738,0.029495983695002358,0.059524551090750166,-0.05412219596595471,-0.15507555302639428,-0.06874791628444073,-0.06634130701612334,-0.08674607512170923,283
2025-06-12,-0.06377029661826814,-0.02813563519834898,-0.07275061101392895,-0.06772066441857294,-0.0793147292959813,-0.009226583988625364,0.044489642337431204,0.02690280352749373,0.05208056466798068,0.020977295620476264,-0.19066340086987932,-0.07455566811874925,-0.0303521273531955,0.04854830058622319,0.05577551284479789,-0.12758145853693104,-0.07292407115838036,-0.08496753578569236,-0.005291554378087278,-0.046406253930140307,283
2025-06-13,0.0718302213141577,0.05569104294060533,0.01319542895205999,-0.0387314353660587,-0.10743112510784623,0.06567272600935838,0.044158193851960216,0.07259332608006358,-0.014619448000257357,-0.1396489497429953,0.1381797599781881,0.2146228003152659,0.1538691198254505,0.08000120739180579,0.010099403970846677,0.09086670026350498,0.12201952292679184,0.03937245607390942,0.0048213714123154375,-0.08913002564308563,284
2025-06-16,-0.07554686875215579,-0.1690279264123353,-0.1789433463220007,-0.13266076277810096,-0.17562823854693269,-0.08423277839338572,-0.22612407757500044,-0.10935195603125374,-0.07643352754643935,-0.13102638304045652,0.07089598617793098,-0.048994506494547264,0.0012787041361504226,0.02052645047583457,0.027462476573188076,0.004840748129746854,-0.13675592921948115,-0.1236638706429555,-0.0711561515792519,-0.09712338915577082,283
2025-06-17,-0.15136220795429609,-0.09109709833654679,-0.1652495224941993,-0.11949697069342244,-0.14799976577149979,-0.15950411550218935,-0.03464222495761818,-0.055329384358099136,-0.0771524955701181,-0.13208715962454826,-0.07680356328537799,-0.04299883909658509,-0.08597564774220971,-0.062168604122535207,-0.060647905630175594,-0.14282544835550473,-0.0875105202083184,-0.13411522514103422,-0.09864297020764642,-0.12982215935849803,283
2025-06-18,-0.004847716058945932,-0.06491104960699719,-0.11837018368638466,-0.09322593055026676,-0.13832817964321198,0.07296955897637095,0.01714008713477897,-0.017936254216821986,-0.06370943412956387,-0.1076447716249963,-0.017172242328665658,-0.09252195354773723,-0.07635639416398923,-0.10301139915184611,-0.08871196962589763,-0.014043576343302092,-0.09150034562349134,-0.10170269534580956,-0.11919775530849974,-0.12345337520184171,284
2025-06-19,-0.17646986017134786,-0.16534602662228123,-0.11840762927462747,-0.10499649627726565,-0.13842482190609634,-0.14205436879886144,-0.07126127562006354,0.0057139729645678,-0.08056838457611484,-0.03833753004778702,-0.0652184740644318,-0.06875772549912615,-0.058557417117140936,-0.09166640314928894,-0.08293113294314222,-0.13389373400535773,-0.11567321427625779,-0.06010819741992502,-0.13551823365475527,-0.09165881065121466,284
2025-06-20,-0.0007226832870622083,-0.012246214155306696,0.07260037801318328,0.014212348529029094,-0.07927965145376506,0.05202009816508178,0.013894319650917971,0.08663575328900502,0.0031661360966643887,-0.04369236257879353,0.04668681007558397,-0.04233636193419892,0.046169635756918286,0.011341427007221795,-0.04387169770497388,0.053997573062563746,-0.009552279265249474,0.06988236669223863,0.015232396802939594,-0.042974909169062804,284
2025-06-23,-0.05013574135219282,-0.0667054349931915,-0.011663579997236634,-0.002003913190139274,-0.12682494192270663,-0.04427573527709974,-0.03556500635520219,-0.0034452590428066332,-0.017149324818815776,-0.13188071952599606,-0.11612929282684435,-0.038825737712824764,-0.009876736029001546,-0.01258548556094303,-0.060215534193010255,-0.07538700305420323,-0.04978783108584404,-0.022810776040124024,-0.013940825153728064,-0.10100791099116153,283
2025-06-24,-0.031599757235875416,0.03782605603197254,0.06562333092786335,0.022632815178980265,-0.03622510123943175,0.027044215590448645,0.06375762325072015,0.005021573605186359,0.07713548731184093,0.03152337568738158,0.10839497246503314,0.10150921357197426,0.04139615926385338,0.054782461374547266,-0.0016079357604468357,0.04937638217683331,0.07798243373601377,0.01910834772644143,0.028395904493492295,-0.016185382725136338,283
2025-06-25,0.050252870328631544,0.06258953940372675,0.14672207334160828,-0.011651853399313296,-0.03975210119103994,-0.040278689807990126,-0.005800847538075221,0.09545108540432602,0.036814413756994464,0.03535429140736283,-0.002817644208114999,-0.04904285236397236,0.050953867795554345,-0.02543722135170503,-0.01914252911135347,0.019693559975536516,-0.03178995543464952,0.06376747667813809,-0.05953278913992186,-0.03470075133533721,284
2025-06-26,0.050820865302046186,0.012276009780978007,0.011224883998360207,-0.06636062745977378,0.024985373519642896,0.0036367142387788284,-0.04596768782342308,-0.027905214995323942,-0.07072931893238128,-0.007974361750597686,0.017530110336664104,0.031605677353335776,-0.01302094576703475,-0.10257823812660395,-0.09818996563142375,-0.010033101143847662,-0.0005318089294412554,-0.03291486171428712,-0.11369722200626228,-0.035792900083426664,283
2025-06-27,-0.027973604154222734,0.009046601407201229,-0.026329891442270142,-0.025339548230793537,-0.00891087375799566,-0.03817569670025641,-0.05114261631439656,0.01001296923708405,-0.06966771975159118,-0.028911851863229344,0.013620733108393228,0.007181674049083915,-0.005649276156704113,-0.09813852899696927,-0.06363535677306675,0.03172271532456235,0.019002719989761132,-0.018583147517815934,-0.08146131515427459,-0.019664951414728227,283
2025-06-30,-0.050906268944538154,0.02082575750546979,-0.023708574113472245,-0.04534259126219634,-0.08219178898860782,-0.06191252221503719,0.022498732877730236,0.026963000689842715,-0.10283673768194955,-0.08933194687257444,-0.07405174641332012,-0.024674030086161196,0.0013373129935349882,-0.12843517546169234,-0.08263576387061453,-0.09156177561320471,-0.018590631617069146,-0.007649468833078089,-0.12082813034055707,-0.07827379282082995,283
2025-07-01,0.00963146195356074,-0.11385830866394349,-0.10080765436506481,-0.06840827357843533,-0.1231044067840067,-0.02368251021511056,-0.1635547997159265,-0.08989268812822125,-0.14325914832239317,-0.1437355670925868,-0.04685595606268088,-0.07179283004863954,-0.02923380575859225,-0.09938548617244111,-0.08477699588213568,-0.05461239325522186,-0.10794820755926887,-0.0916940672892665,-0.11824458497274233,-0.11739748275352718,279
2025-07-02,-0.17231977995320102,-0.16642431853391979,-0.002808675505709574,0.035727605771611076,0.07284282905645117,-0.21282743485483105,-0.15372158631638183,-0.07656524341744714,-0.05188938359935995,-0.001417848102025872,-0.055368223391961256,-0.0015043842470062292,-0.005853774531883108,-0.09256207932253006,-0.05005066612423443,-0.13831486971836707,-0.11847175147058499,-0.03535584992941643,-0.048453252106999585,0.007876499481886488,278
2025-07-03,0.022386056183999553,0.03343839797262921,0.012091801306110901,0.07550233162286693,0.1322059005187026,-0.038363924463272546,0.015061320253537503,-0.03466225077521742,0.007188698375409377,0.09368497395957702,0.07294209103806867,0.08171347269142414,-0.08585476929638655,-0.0670371569993034,-0.07344502358863415,0.003225780343234342,0.03644204822974593,-0.07181898830807286,-0.019919796345176956,0.03717098272247078,278
2025-07-04,0.04384955298489123,0.10987294041021892,0.13804680032661656,0.1464328426822371,0.10396532760401148,0.05361539898486,0.05424455515702814,0.058697744492704644,0.13177040013905492,0.11318994069586336,0.02815047663030561,0.002175483880306909,-0.06334647998523373,-0.07003410505002437,-0.08522180145777561,0.06157543064546451,0.0337561222279802,0.020005811249876843,0.046002409125613465,0.024375974159811083,280
2025-07-07,0.06898520975422079,0.11766302379527911,0.1881930112827931,0.1882260092592304,0.17874840422517435,0.02239087440623746,0.055600679624206575,0.13051717048073389,0.17789622773553998,0.2135780704656027,-0.02300259402120164,-0.01546920429758269,-0.03248347559441399,-0.02770136530047477,-0.059831613819752695,-0.0024459272056779092,0.03356769834197438,0.08739281601015125,0.11352076919699068,0.09362084918129937,279
2025-07-08,0.12228017514387406,0.023531014687161452,0.12337147759110255,0.22968406616093678,0.16094482991038636,0.08480526470121308,0.04873767398613517,0.10750439472431284,0.2608826584405391,0.2643539656962269,0.055316169001660795,-0.0006832789481269273,0.0031666969418126987,0.14556036709705178,0.07894686556246677,0.09999389598558868,0.036647530464808266,0.062002871335413226,0.24268941989515236,0.16664426516264236,279
2025-07-09,-0.15222261685619354,-0.022727717869885495,0.1710281340823519,0.16230678337096083,0.17290022848591236,-0.18669056140625725,-0.011525231699859056,0.16435556085039602,0.23346524201521643,0.2638289231335621,-0.15295699848912,-0.04726746089087673,0.054523250527693315,0.1835634230809949,0.07607371452664154,-0.14998519818608447,-0.03536278139747417,0.11603386314025467,0.22229258088703732,0.1526739912589668,279
2025-07-10,0.09411735846067847,0.14213222555657334,0.2651479620362305,0.21261557544630622,0.22731522502708623,0.15979456402786021,0.13168743354572174,0.20349093586342054,0.21633183449250057,0.24796684280554288,0.09708359358219053,0.16125213315195225,0.18682436192496082,0.2190975227695206,0.1708286334198984,0.1053135244928175,0.16372735666871144,0.2284308997094635,0.25433282255527057,0.23619923251249833,278
2025-07-11,0.011521698208929246,-0.02551742760045917,0.1999448455008845,0.24884970508723778,0.18189794989317293,-0.1680218498207327,-0.16029481097298076,-0.02766995751206766,0.06294071443736556,0.06916148325293812,0.01817505438782227,-0.06163120700959537,0.07801348697689131,0.18227931733286767,0.11220647323069638,-0.042066350253742564,-0.11696997720092521,0.10867317102270752,0.19555253983390436,0.14455300895857448,279
2025-07-14,-0.16176357958240206,0.060173385827380806,0.06547546114097058,0.3260963755442868,0.23162802763775175,-0.16574207153079573,0.0002809711335776963,-0.06543894238555413,0.20633189602497817,0.14683435282825613,-0.1290888139735049,0.11149873610689437,0.0567137353686319,0.2097118711688504,0.14947392899451506,-0.2021771110255549,0.07539466563097894,0.056276881621104495,0.2777966130134394,0.19995299902135039,278
2025-07-15,0.25458604617591896,0.3104378549093974,0.2508583489339112,0.2961679135448387,0.28299466126515427,0.21142526226245414,0.15572775113597354,0.18609992449857907,0.2245556940114519,0.21624827688247542,0.2935014997332449,0.2570495582363676,0.27913434618370414,0.21910407233706153,0.23033415657011258,0.3294320443354683,0.31904634544015387,0.3240029993298883,0.29056767617228674,0.29899999181345954,277
2025-07-16,0.09556747979605626,0.06679892546349797,0.029699938152282057,0.18748899002413064,0.19337630144511384,0.0005532141283295218,-0.006714124735615263,-0.04003963679547298,0.15660265288614267,0.2268726281904388,0.06368012972086812,0.06996492920928893,0.08289040831617263,0.15545470800293296,0.2070305457011608,0.0944493811734083,0.07827696527474888,0.08779348227784126,0.20344960756932567,0.27100957796739833,277
2025-07-17,0.011309241329915077,-0.16457084758498122,-0.05743014139205403,0.0992907881988551,0.17421380373201883,-0.05720636104767152,-0.25226675069906684,-0.111628357610948,0.10969674858381084,0.25940053711331384,0.060782855333015195,-0.08260014225853543,-0.011729307062021747,0.05832904964754944,0.1689684534077839,-0.014442636598574733,-0.18601384136607338,-0.059011905099263726,0.065833802105558,0.23318966843610295,277
2025-07-18,-0.3002884295676545,-0.13612938364044513,0.006050361540329141,0.04370573338065356,0.10066514579924996,-0.3268118471055572,-0.07181570853883418,0.017101314012240756,0.02602091884511592,0.21128720962096018,-0.1815169545385285,-0.015409335683793757,0.05706186913912957,0.044302650519661084,0.11001324615957014,-0.2972392868053618,-0.08319652766664574,0.025415286709952967,0.035536108073454004,0.15174874838249897,278
2025-07-21,0.06349439323327206,0.013189841293696783,0.1146669331130183,0.14192042401104493,0.15578627464629813,0.12444994874736441,0.08956854281111268,0.12189206623504505,0.1563304309435672,0.19045071579275008,0.12428470052842987,0.05267426014092969,0.21032957289262635,0.1599442797005362,0.1428366887680062,0.1372130107718607,0.08678701275628115,0.17073736719384805,0.17066172969311832,0.20025065879537157,277
2025-07-22,-0.09062405658518777,-0.0107151515996303,-0.019444110658332656,0.027967209946368747,0.09372410109111577,-0.081122421056431,-0.05959737495568673,-0.03254472072727492,0.08744456018957976,0.13332388554703248,-0.11559943171044486,-0.05508077188457194,0.011296358172096574,0.10483590611363425,0.16445079804291815,-0.12192336806841846,-0.07368104933872355,-0.028263523567039286,0.08274957866970026,0.1790560645189703,277
2025-07-23,0.006629494338142061,0.08564135655108787,0.0061451082810074775,0.03327725699233806,0.04279523836349002,-0.056904167980309596,0.09250823364533814,0.040234383133039925,0.11610237168506621,0.11131896502263273,0.06884788661727338,0.19272092966775933,0.056256872275614024,0.07994270279275843,0.13632505171161063,-0.007786930287685778,0.15894336196646272,0.03785385531405144,0.10058992054438257,0.1574872021368191,278
2025-07-24,0.04382824494272172,0.057553466915130636,0.05201396299338632,0.0519660205059626,0.015840750391972736,0.10084799380541885,0.06070602842848139,0.07995462364351325,0.12028758631055088,0.10180328608274096,0.21888926576204887,0.20421969668723472,0.0695630247868022,0.13602502942380099,0.14418686570799735,0.1538828475244009,0.1512024480879214,0.0771146908195698,0.11563914282696025,0.1327349143073738,278
2025-07-25,0.027909968976404444,-0.016654287470841387,0.01853495925918906,0.06413104622040576,-0.03503103046029523,0.24165366671030789,-0.07711398733350618,0.010734227580970182,0.18127339306636392,0.13901760761869217,0.13422389784797037,-0.11611109966960947,0.021599924744665985,0.03866533645073913,-0.009149281579854033,0.11614798246345251,-0.08036747628368197,0.007644255346192809,0.08128684819395704,0.049198220272464344,279
2025-07-28,-0.15294764780849357,-0.0719304333618478,-0.027555860244261394,0.10171054300473518,-0.07691458803964649,-0.37600987844962064,-0.15462304298318533,0.03789193220870217,0.1519002636330935,0.04929161164088065,-0.17930951065099776,-0.1360079803509605,0.000268837775089227,-0.03248322666754006,-0.10645694726373675,-0.23174314237150384,-0.1503446695044526,0.0038249613664998227,0.05985164549752292,-0.02440697564788881,277
2025-07-29,0.1328558430779454,0.12232119333727953,0.028160977451014514,0.14415677949761593,0.042481709323771266,0.1397734124713572,0.18045430606569557,0.05921019021236984,0.17684035735239562,0.14228351883906337,0.05298732637958368,0.07371009153481316,0.012934588071019505,0.11029216510206634,0.011510556219070737,0.10923376548770238,0.1052532472946159,0.040645460238379644,0.1805735524694312,0.09195499321025795,277
2025-07-30,0.06559600384835247,-0.11324953957479429,-0.07210120939976151,0.0034877180103751633,-0.041151784501472735,0.14216226716570524,-0.08530650888779175,0.0209304838458981,0.07375684023779647,0.041849514808351446,0.04386743733545526,-0.013411505297962267,0.0036175661021389397,0.07415463301142189,-0.003622909987629731,0.06832440678899965,-0.07674048383319156,0.009766881519446845,0.1004290138572289,0.029961756989511246,277
2025-07-31,-0.204718669777484,-0.22176227309862154,-0.1907528847807776,-0.07872450287084631,-0.13209757984286316,-0.23866442540535052,-0.18712875616485586,-0.12260824446691239,-0.002036708792533335,-0.054087762966598146,-0.0024622499411495833,0.04722261951504165,0.036963522138400956,0.08054309188003546,-0.036663447119729076,-0.1652088037105457,-0.0697255381230292,-0.06319317229109388,0.050241888841452025,-0.03309961974536685,278
2025-08-01,-0.12336008552850694,-0.24677373421565219,-0.1497905426166841,-0.11851635149294472,-0.2015981167139294,-0.07172560913221009,-0.23356824044204202,-0.18751333934906897,-0.06989402640690869,-0.12291656917364686,0.04356675324899874,-0.06189393785533305,0.04244126611369623,0.029190929695125524,-0.06298855735747398,0.017885898946614322,-0.15585803224622488,-0.08542398020453282,-0.022944102656596275,-0.10531871194533361,333
2025-08-04,-0.23738973366373106,-0.2116593575044669,-0.13170913399294976,-0.015973777806083434,-0.11426476467082722,-0.2581386426139735,-0.2152306923455586,-0.13017799697958296,0.09051209691053003,0.012101955760212588,-0.1733089213120911,-0.17281814942625232,-0.008765494848830718,0.04699292993373742,-0.03214326840512495,-0.26929283302750917,-0.26457519602529744,-0.14955734946643795,0.05094430742093719,-0.03758229695086148,330
2025-08-05,-0.02820059027622594,0.0028573298267018975,-0.037130294494137614,0.12563568803734348,0.018729723349742388,-0.028392053077238973,-0.007479174063241987,0.015214256228411082,0.25774058913390413,0.23298576832951998,0.054064627567035436,0.13459011587286634,0.129369811693762,0.14283652584301457,0.0792240444803797,-0.0055708252326239095,0.01258623074655633,0.03757365638481975,0.21836971370993408,0.13318016230432045,330
2025-08-06,0.036850581147407434,-0.024243479749569367,0.042869253450274564,0.14582239405361863,-4.101352817074452e-06,0.008641112774899944,0.004602109991037169,0.08081944790216845,0.3251933469301947,0.23824900750540065,0.1118093917684568,0.19149467460109446,0.09166716036249188,0.10424779371952456,0.018768891101928215,0.03588620602839255,0.04010882464394709,0.0977611577994215,0.2542453407024291,0.13942984819801355,330
2025-08-07,-0.11412809529329475,-0.13908915571644395,-0.004337201461090721,0.03524666565310202,0.052723984214385254,-0.045142763606440324,-0.08052366307356679,0.17720486551514242,0.21231436897886016,0.22421387501543025,0.08865650384556058,0.029313844872869907,0.07565479611991585,-0.01852276371402499,-0.025807088420498038,-0.0002962447938719819,-0.05419030355435283,0.12149959506884833,0.1422491045261318,0.13615492060864806,330
2025-08-08,-0.16165784337602068,-0.14815183678335747,-0.024732646306713468,-0.0803138202307567,-0.05121539863939258,-0.11489737288687821,-0.12165041704864225,0.06729668484590215,0.023381368761084657,0.059758569665464466,-0.11400424260729189,-0.13862847884289708,-0.03541645547832257,-0.11211799503491204,-0.059874896097233885,-0.1354382764834568,-0.15704865351094613,0.028838465009687318,-0.034440530484583516,0.001600512033860269,333
2025-08-11,-0.07525512076669542,-0.02186038659981527,-0.006495952303763903,-0.06412186003848727,-0.08542075212611196,-0.1088955755345547,-0.0030769969062702093,0.15670911824730857,-0.0881191116663625,-0.030972848127120776,-0.032340434144865156,0.010925959927427014,0.061354702625977135,-0.09502810844588953,-0.0002517714799838865,-0.09987871358409661,-0.02637917380301925,0.1100729542943907,-0.05234597533645009,-0.017613835151026148,330
2025-08-12,0.09502545444712338,-0.026116636297989628,0.044940476237122017,-0.06998068017321449,-0.11455949164811152,0.10548931467289299,0.09094076802819318,0.21657516568037694,0.040276042432343846,-0.004971588300338599,0.04200711641888651,0.1288789174848148,0.10767698904610247,0.006379472220621896,0.04062833673688933,0.06645216354787804,0.08864796119535485,0.18854191774575674,0.022790438808029646,0.00030871030551519866,330
2025-08-13,-0.1697337115069503,-0.20708997011457697,-0.07718351675876534,-0.14870357783946508,-0.1449199281514176,-0.06008053237940477,-0.10745664495899866,0.07809279075809168,-0.11512562109316402,-0.10762181573288407,0.07348213026710694,0.0036407745838541476,0.021945470203506262,-0.09729333875149505,-0.018855472999006452,-0.022800161781690177,-0.051629900335691516,0.05596937456582715,-0.10349949244006384,-0.076860465634252,330
2025-08-14,-0.234353967647025,-0.03860143385227016,-0.09012170952742701,-0.00481138984523976,-0.06501147325789126,-0.20581984334989675,0.0399221301710758,0.017930339116993974,0.04098129441895912,-0.051023615371450254,-0.10060471863387672,-0.012791286340172195,-0.11454260118540774,-0.12369258144061696,0.0037727079451708935,-0.17880825248283988,0.03293026394893692,-0.06949191835127055,-0.01230771182945884,-0.024163421829246617,330
2025-08-15,0.1622453839429736,0.144802376713541,0.01950071362231918,0.0757971302485526,-0.04108198907985262,0.18447255327299977,0.17370583079654905,0.03412630773380884,0.11433995761326912,-0.08886013191613414,0.08402698292901004,0.06290002283996356,-0.07624380532631711,-0.0914930880595116,-0.04744134505727025,0.17742160119211717,0.1451994942893865,-0.012063036062175556,0.039267475523953294,-0.07414478695795604,333
2025-08-18,-0.0491795050764574,-0.07443688730512947,-0.23880382514805334,-0.06048497515661876,-0.17436479106842237,-0.0044441304200171575,0.007723773421197273,-0.2848224531443,-0.018829888532531543,-0.22806066300630498,0.029002572296065895,0.032274934566886085,-0.1811051775330744,-0.08273355780782748,-0.13311687565886435,-0.036409894157982084,-0.03531313883174761,-0.285861616617706,-0.05430011649522966,-0.20430229517948412,330
2025-08-19,-0.0771150223159747,-0.13396175036370517,-0.17799677397739072,-0.10232843155312209,-0.25132937684706513,0.001559469945001472,-0.09639145217730039,-0.16682573857883223,-0.06219406276317109,-0.26287799001042866,-0.04136690008331057,-0.12057547052833992,-0.11455962077596722,-0.05377554131979905,-0.13092337673395846,-0.059192904221839066,-0.15147631290253583,-0.18054891538561746,-0.08900884933194976,-0.25557414010382623,330
2025-08-20,-0.04378928181165512,-0.10873146915768273,-0.1950541176964802,-0.19776930534667697,-0.29887999527558423,-0.09369450978929013,-0.18596331680001313,-0.2837828768875676,-0.2891254401459734,-0.32845967113631075,-0.1510473097547165,-0.18441026586732262,-0.19305624494666243,-0.15472074719128787,-0.15132516170917862,-0.14317687319805472,-0.1945426172699867,-0.2835755057622804,-0.2543195548105363,-0.32396876602057817,330
2025-08-21,-0.14057095040295733,-0.25006461976121724,-0.10173910689874234,-0.2374631401516365,-0.2277818373716447,-0.17331062081570942,-0.3276759440457071,-0.14604743773515075,-0.32671465289743756,-0.2874431066387315,-0.16265293149114632,-0.19873284400553184,-0.02820797542897098,-0.1422866410398104,-0.11392231702187658,-0.18435193665135552,-0.33396545698935665,-0.10999128101012906,-0.2886364672575288,-0.26987285086774143,330
2025-08-22,-0.20086216256369632,-0.15489207479393388,-0.11004230577948017,-0.20491504625825716,-0.1998545879102423,-0.24588865122681214,-0.14860967345390563,-0.09090358839620485,-0.2260080403152278,-0.22321378374055909,-0.1939308969249238,0.03235933526182934,0.026519922270951127,-0.0677487092192166,-0.10436046109305797,-0.28662115670253285,-0.13286171514092268,-0.04597620110094689,-0.18341487045478863,-0.22394417140986347,333
2025-08-25,0.16079898769454543,0.03725044965146166,0.051961461104363234,-0.047243307003175396,-0.06399665642361549,0.1387505290011821,0.0423598680502664,0.07561744872193528,-0.0885479234653887,-0.07955692570857303,0.3416697250771524,0.2125051876622902,0.24312232124160912,0.040829784149823065,0.027963797112131074,0.2599907519618861,0.12610252852850348,0.16375613383318297,-0.03516334791149914,-0.06385367723117104,330
2025-08-26,-0.198090665261998,-0.05303494242850303,-0.08656960584362819,-0.14141825070010203,-0.1870085505642451,-0.14416875766386397,-0.018716370376333856,-0.07698533407200164,-0.14502108600292146,-0.17810410976966623,-0.16552440865824133,0.04179909431319536,0.03033305394804453,-0.11896538860674134,-0.12284877817616323,-0.18872404095182121,0.01280602552384474,-0.05648837998122423,-0.17318291304471467,-0.1935125007553499,330
2025-08-27,0.12884349614229643,0.10174475718113984,-0.12779863699912336,-0.08464940036257788,-0.12400450731317689,0.10220779866173148,0.013426620083659649,-0.2108331687271512,-0.12293801308533461,-0.16841920727092383,0.21401750601972036,0.15146887142313592,-0.11616744592555883,-0.07378454228228414,-0.1273210432902794,0.22348899446867576,0.17262448923471474,-0.17220641742412057,-0.11782967716376574,-0.16834624503764298,330
2025-08-28,0.03293970014593963,-0.08051666931540305,-0.22716515441273108,-0.19185417959194925,-0.14731296292066925,-0.001272598693408919,-0.0732772976662273,-0.3077870022783637,-0.18204800406965582,-0.2883518824222253,0.015773967578496906,0.012571346066387129,-0.30611121589137236,-0.17194797237203832,-0.1877988031984062,0.02866128103383778,-0.05455546955956456,-0.3394751742461534,-0.2221268658263653,-0.2284617307246197,330
2025-08-29,-0.2391810940362579,-0.2182768317040089,-0.271938193758383,-0.2809772538443702,-0.1981467786808738,-0.15974701943711592,-0.17335421636507412,-0.3025576574292162,-0.3155475524110399,-0.26998404271909376,-0.010615360302710448,-0.034030780767352685,-0.23309363782298248,-0.28206188913126706,-0.23030865765933903,-0.17363912478350832,-0.18767983867964658,-0.3269614680902525,-0.356289531684172,-0.27871753164722274,333
2025-09-03,-0.09316914424659765,-0.24683606511177264,-0.19418643198350855,-0.23779128727705398,-0.1693961666087824,-0.13836885958383652,-0.3931356557157051,-0.3110149756042168,-0.3387691588397721,-0.23211174771917045,-0.11019038128862817,-0.3169034061151972,-0.30512421224323716,-0.3519042629235197,-0.21009838987249613,-0.14533732116279893,-0.3681114020137618,-0.322895820727195,-0.36190415227040723,-0.22371040656579222,333
2025-09-04,-0.24247914709084298,-0.1870214501208586,-0.15521280578360316,-0.18811185990311674,-0.14825382961596367,-0.39835850186690375,-0.3607110637950711,-0.27634732190606665,-0.2920239880179974,-0.27393002848774156,-0.2606995561713074,-0.27919701187593116,-0.20914785267784183,-0.2730686647652145,-0.2194341258444879,-0.3108183876444949,-0.27851498926327245,-0.22171959046051268,-0.28515864101565686,-0.22048344923125748,333
2025-09-05,-0.032204422691712725,0.002445141447407926,-0.06996608293400995,-0.08502376788086453,-0.053794623688819425,-0.050972602350769454,-0.09906741429085847,-0.013069518168391765,-0.05912056923482811,-0.06123862637038347,-0.12982216991540668,-0.034952422206884895,-0.11467336052732105,-0.1745752640931099,-0.0846540146329709,-0.07000054894306616,-0.036942841777839415,-0.09872954582301963,-0.16469941961736181,-0.07817991512581161,337
2025-09-08,0.047202160793702236,-0.03919111681660449,0.07537279486096742,-0.02220481555783225,0.06087825435285078,-0.10933649689360947,-0.07254184599397522,0.05873113058116833,-0.008862908753410451,-0.023109820435814905,0.11333579289889865,0.00998643174981162,0.02935116195466144,-0.0866743310107971,0.07548241613158874,0.043638301569718256,-0.01009232758251307,0.033532325061167295,-0.05773298469450238,0.07131931429224315,333
2025-09-09,-0.09493568042897761,0.03560931022761096,-0.08529319090571041,-0.07052476099820211,0.04547153078662551,-0.02585872515837884,0.09110510635294326,-0.05197823703722806,-0.031370648843651996,0.08903649326620643,-0.1454518127920478,0.07095816777273849,-0.1317895107876405,-0.09641838705666976,0.06205311472722929,-0.10045130165641027,0.08004645175177526,-0.09612241606801347,-0.06909725743167777,0.07703709025944062,333
2025-09-10,0.12543973149802884,0.04369816156031083,-0.04658901025649044,0.04117130537589851,0.09248590208039521,0.10489320781026673,-0.011032501585287381,-0.13169970047282567,-0.01918184659652675,0.08042326634559278,0.1859141168316023,0.040009077417537925,-0.14726269339451203,-0.014626833796471318,0.06235449455124709,0.16168954679891484,0.0231406074706209,-0.12513540460155906,-0.002380424848298265,0.09346928196193229,333
2025-09-11,-0.02234828834412795,0.039188519972176115,-0.024056175777498835,0.041770498874990465,0.1332419414013815,-0.13055057228794717,-0.10507038042811015,-0.13661733490797862,-0.056871518302300805,0.1116846197930477,-0.10052209421031186,-0.06872476770052284,-0.19732140208842971,-0.11970899440468499,0.02739026778729831,-0.10721354731223483,-0.051368918773878045,-0.15908382964590453,-0.06498255633980317,0.07920074388346172,333
2025-09-12,0.0504334765150462,-0.06926409424015188,0.05680450857447508,0.05043553030777021,0.11789039217170023,-0.03603448316316971,-0.16831917949480785,-0.026021122905870265,-0.0017231182160134535,0.12125291496359383,-0.027426587458253226,-0.18301450111856687,-0.16932687156049153,-0.14474926088931012,0.015577674581755184,0.0049518106386696,-0.17007858828900985,-0.1033085911019435,-0.0644014453388895,0.0637428326194662,337
2025-09-15,-0.1864168956878923,-0.17826726378956637,-0.031133928100691943,-0.07384905357397818,0.013450629458619877,-0.1756304615111007,-0.1489990292749382,-0.04994798709689322,-0.07435588224377543,0.030395117022677377,-0.206560212913372,-0.24860919240119994,-0.18898026382018082,-0.1691698013541868,0.02817585282866635,-0.2320430286893634,-0.24140212010894385,-0.14056987034636367,-0.12206350700400154,0.013517751391802503,333
2025-09-16,-0.07815826263967937,0.03821858747739109,-0.01719991323291632,0.00808911197102907,-0.001926774641987863,-0.009768846555462014,0.08638429057008618,0.011777760886437179,-0.010312759324588031,0.025147393454588444,-0.17862360216766993,-0.0755771499420252,-0.14457146338169052,-0.03523806950633682,0.06658334687524885,-0.12547496255360527,-0.025110699562161384,-0.09620955682014373,-0.00466736569933141,0.024986204713621864,333
2025-09-17,0.09689597442630099,0.05559086719950974,-0.01663393569254084,-0.03628903022313181,0.011165960085023997,-0.034051627039396175,-0.04887808288472831,-0.16848596241258829,-0.14890194944780513,-0.07013461966123924,0.07939548707246305,0.005458039757237819,0.03273392003909391,-0.026250642616873952,0.14239848725429113,0.060194007609399434,-0.002793479038584997,-0.0120673516009587,-0.0424037494115432,0.08472141553269563,333
2025-09-18,-0.029128998540366248,-0.014247663386797133,-0.014145759853030912,-0.07412121462014067,0.028618610379165597,-0.0024426987050878888,-0.05784055737641064,-0.10697054842072375,-0.10437949938851297,0.01500439004466369,-0.026719807806349208,-0.10301617672825476,-0.04593674685869883,-0.09597246478142744,0.14061869517792525,-0.043376392530895556,-0.09485614817779744,-0.04220890472282926,-0.07061084658867207,0.10715852281689499,333
2025-09-19,-0.06481162919418228,-0.12300828012695349,0.03886328372655743,-0.04459794885310955,0.10223830667353337,-0.10475941336256253,-0.08672526433278857,-0.00984721517380605,-0.05683892114385992,0.08347065815976452,-0.136851912782759,-0.14155242073609045,-0.09614787127861062,-0.04342977265698762,0.12857922813102846,-0.11459668028119362,-0.1325248044940134,-0.03965837035774765,-0.04429559819768239,0.13485955085906637,337
2025-09-22,-0.15121914595438535,-0.01831555514696597,-0.027082494636984165,-0.049450811725303676,0.13907982077129813,-0.06787372987239103,-0.0014427750749232279,-0.015273755546670311,-0.10653161685682888,0.09288314159825922,-0.08475313046404596,0.04279828222986401,-0.08799062911255934,0.019066701808413133,0.10600918806821034,-0.11306614794458093,0.015743738469666986,-0.0598479163243193,-0.03998685120486992,0.12396118052124573,333
2025-09-23,0.02763459359539418,0.07370618486524211,-0.03237804408827131,-0.01616699247666288,0.14651667409575175,0.01235855242010194,0.008473808102066847,-0.076348182892918,-0.04860089786195801,0.09446301468783103,0.09628562176440719,0.01800063169365467,-0.03252122079846275,0.052554510674428886,0.11177062979715507,0.061386017935672416,0.04383842123353612,-0.029664860016212033,0.00816401352059981,0.12682596065046164,333
2025-09-24,0.01945190289151809,-0.005953112584439631,-0.0653339696182206,-0.010189679577122806,0.06262267556611992,-0.03194089016022619,-0.047609939668040224,-0.041203673439494035,-0.008844872813288827,0.010065396233801666,-0.10674726303103949,-0.12707850459983694,-0.1217967736009212,0.004912905450338322,0.053161195625672265,-0.041945440048778926,-0.07506314182267675,-0.09192716199541415,-0.00816622310784852,0.05344189998088948,333
2025-09-25,-0.05798118613498757,-0.041090705662618646,-0.17717546289033526,-0.013781807681915005,0.048925408927413816,-0.11718403330977752,-0.0766479332539787,-0.17686807772684218,-0.009242943732702498,-0.041018608188131404,-0.07035382739238759,-0.09931677667310101,-0.09596339518939298,0.07342685976878648,0.10054424565390016,-0.0692466920031447,-0.09718615524553254,-0.15008367135119777,0.021421816359650427,0.062004003717751,333
2025-09-26,-0.08882480919597326,-0.15645655354162352,-0.1681651291822021,-0.01725658642203654,-0.030749702432079428,-0.011078941649459174,-0.09424824027964271,-0.14713250484385532,-0.03504721138129408,-0.06608764304292832,-0.11090051407236669,-0.08523790396333661,-0.07237072991563005,0.054685163489718344,0.04727641690033454,-0.11939714816136768,-0.12759241929359033,-0.1473736226585558,-0.010291514525959864,-0.02134438590526667,337
2025-09-29,-0.08239775324362347,-0.08670459533237049,-0.08400088911056813,0.10661986093199627,-0.07427702818058887,-0.020172510090190228,-0.09175310813806772,-0.1296776295947186,0.07668889248255717,-0.11655350153821141,-0.01030496780819298,-0.03402850387265856,0.004275702674573669,0.18018677106898762,0.03465211847301067,-0.02072923638838769,-0.056954201637076506,-0.0454987274723691,0.14036743683997346,-0.04195274801394845,333
2025-09-30,0.032535508268347176,-0.14292431117628465,0.055997567405749626,0.18222856459060968,0.00819836359748428,-0.0616418550604772,-0.11312149017213204,0.012299870865585857,0.12639207257166502,-0.05688419155711401,0.027927594517214775,-0.07027796458330964,0.033420890393400474,0.2061145913164125,0.08347860866901516,0.00806398429209066,-0.12729969528977997,0.03437840396360614,0.1784574592201079,-0.002871199175081566,333
2025-10-01,-0.16996203877225113,-0.06923845441596943,0.14849705240177244,0.25792842459230786,-0.0454850292761301,-0.06548882758012488,0.005975685962590982,0.19436795575822205,0.27199738940907275,-0.04012661243131063,-0.1544717896411833,-0.11512457941878726,0.03812630871698334,0.23305189345998015,0.03721086958811829,-0.18032691144296673,-0.11430465519598615,0.08947307000159889,0.26991679813858316,-0.036136889643519694,302
2025-10-02,0.0969805731372778,0.172409854531248,0.20888076914698275,0.2321568856034786,-0.03585229721850191,0.11651454441526989,0.04206230718442278,0.10247090435703318,0.16587591571576768,-0.040724468840529555,0.0960944080336162,0.10726169555953646,0.1651874751043297,0.3045323921011567,0.08201649753655299,0.08708384115563986,0.13493032150626477,0.1788273659635259,0.2860773984822363,0.007642944964160664,302
2025-10-03,-0.011077971644312746,-0.049682611038970786,0.08249916069646222,0.18231829301153119,-0.020165402682178677,-0.19276931676159792,-0.17500181379601512,-0.022268804777920374,0.09755461534154931,-0.022389855925240263,-0.008537314806864165,-0.008062253935835586,0.11819749096844319,0.3051752343790413,0.007573850613775345,-0.03255398722032536,-0.0547135907925623,0.07897321191007924,0.24312269602062597,-0.009275998821024842,304
2025-10-06,-0.04174062440202257,0.11021153142926433,0.09388345279901347,0.15520479082388455,-0.03186400817904192,0.010590410251868411,0.09919860198050877,0.043651819773014335,0.0816531788129982,-0.07568281727225935,0.025716674990156625,0.10073741060044572,0.165426401995183,0.13761974926891987,-0.09953603655325234,-0.011328591835731563,0.11247441331874573,0.13887967605176083,0.14116282362680188,-0.08387139639369341,302
2025-10-07,0.08813159377326325,0.02797082620537726,0.0948847455194783,0.10998825919964647,-0.044760155170523876,-0.01788823376711722,-0.04782783218828759,0.0420860725839454,0.1077907993367736,-0.0665814189818989,0.06175493493610988,0.04170392327148617,0.11522166880167113,0.1312844128056787,-0.06660004745832383,0.06277033279744419,0.018070921587447497,0.10529523773234496,0.127087617724203,-0.0609093255812194,302
2025-10-08,-0.08498128926598768,-0.0206682552373619,0.16744521360618117,0.07002389536639708,-0.12692369381630192,-0.014194804313102723,0.020717444976046554,0.16842964275873745,0.03099626498539405,-0.12089562944143262,0.013472928946797193,0.07536808044188788,0.2492220451399639,0.12316317115254538,-0.09453414609960413,-0.04367630401251085,0.013383294716624557,0.2344831319407543,0.10036927712861878,-0.10125071120650112,301
2025-10-09,0.03937333939757846,0.1493754201940632,0.260584957438928,0.07356526765039982,-0.16684357443721892,0.0035904365075188674,0.16734678835756664,0.2701359806458739,0.05517575047123522,-0.16151277109107728,0.048521177530188565,0.24417299844964102,0.3446679540841873,0.1548603013601052,-0.1273831693960326,0.03976265919501984,0.2207946103063333,0.3448500755324679,0.12894385364274144,-0.1279550160676818,301
2025-10-10,0.1425312745706983,0.16956082552845086,0.1629129583830355,-0.03268340881554202,-0.21180221362775378,0.1982792724387464,0.18445865641417705,0.1839212359830686,0.03366304284332375,-0.13029410194203528,0.22359750513112683,0.1946862718600902,0.28229614191256686,0.07996911083432416,-0.1507894904325797,0.2264830942641386,0.21556766917714693,0.25213876378799976,0.051400212432647176,-0.17585656153071447,305
2025-10-13,0.010613003640138775,0.18898421504461635,-0.05397733957422332,-0.2160779674428345,-0.28617032425125144,-0.018462641429260313,0.16698523171542826,-0.05724542961800603,-0.19864064058846026,-0.2682682555002587,0.029868697722511196,0.23090184402449923,0.02851245198198214,-0.16886095234792417,-0.2446665333553602,-0.0015206754492189927,0.22219897252684956,-0.026763891232979325,-0.20426672170211244,-0.27525824685367944,301
2025-10-14,0.31136666958212555,0.3196201315373515,-0.008818072765727257,-0.13455357918232588,-0.2656809415292057,0.3087614431939907,0.3387849888736385,-0.042457553339515036,-0.16361746604511512,-0.31300626082596383,0.3391973710702514,0.3767180634166887,0.029756681282146577,-0.15199300304605387,-0.29777717937421616,0.35408648391326525,0.3857095965138251,0.003994669373962207,-0.16086943416612925,-0.304441410156376,301
2025-10-15,0.09075139656271117,-0.11445566902355397,-0.1227994180068824,-0.22350743983311697,-0.27499552617666567,0.11084004231607908,-0.1397832505186069,-0.16348436741330613,-0.28425317964153923,-0.33359093781102933,0.12656164786698504,-0.027671201161918728,-0.12578291463729382,-0.24948661001233274,-0.324415753401082,0.11425453294487552,-0.0897241486560657,-0.14856474757743526,-0.26720466860023134,-0.33093003943107724,301
2025-10-16,-0.24094971622446754,-0.2542284484927955,-0.22242861581166282,-0.3044118789398052,-0.3823866103128937,-0.2558122760608165,-0.2525279716284,-0.23519792904202821,-0.3534971054611022,-0.40838759330425667,-0.18066803482337823,-0.2063797122711579,-0.18208033553811653,-0.29775084842355914,-0.37230933340661976,-0.23312113445737984,-0.25881210662971593,-0.2222482827353919,-0.33168134067238986,-0.4029362209013929,301
2025-10-17,-0.13469649153987276,-0.10590602928219156,-0.1036664654600514,-0.23328482646211812,-0.2641010803687025,-0.10315148435733314,-0.115645649275474,-0.17783682647716298,-0.3282890790489774,-0.35709999592917874,-0.14147547071248742,-0.1302833484383527,-0.19558924474462513,-0.3323515114622347,-0.3637399899563532,-0.15202308722756086,-0.11815843924387659,-0.1595126755906837,-0.31123941004279293,-0.3413904510049978,305
2025-10-20,-0.014139354411186626,-0.005332272468066744,-0.17637628648306944,-0.19420651510231604,-0.20411942912296197,-0.1300514591302746,-0.1465770825105625,-0.2853519141131696,-0.3319915090310674,-0.3521277983726967,0.0005895687339914828,0.04349583620472138,-0.203978742740525,-0.23477978293517626,-0.25134840091894256,-0.025054323979461786,-0.017456824735220824,-0.22413421347835272,-0.25113969994065805,-0.26089586206856713,301
2025-10-21,0.00014706837764384597,-0.0005823099896499445,-0.11999009873990732,-0.1677988003047211,-0.21344881482480482,-0.02809099921536011,-0.06433943718088732,-0.18214500790029703,-0.224168621043743,-0.26510892073396175,0.052027600793616555,0.011780590791565678,-0.16987273236090952,-0.1953411153011439,-0.2586189630449725,-0.00977297571415928,-0.028145078646515304,-0.17134699691390987,-0.21939405745042867,-0.2691387803303092,301
2025-10-22,0.07070710644079704,0.04361513960272928,-0.05598185520066457,-0.09744457356754255,-0.12944033077595685,-0.019324520182680927,0.014013911595740624,-0.07760966194232762,-0.08190978724543035,-0.1452902061549766,-0.022513364658750933,-0.10964769059936778,-0.16655781672511313,-0.21493901959198086,-0.27896981279710553,0.03615548287010079,0.005745639923592537,-0.09209234560662077,-0.15031260813173294,-0.20236582968590577,301
2025-10-23,0.0014283658038865097,-0.05251120720445159,-0.02700993389534592,-0.0696105799230591,-0.09058408342132333,0.04271785587810182,-0.007956492512511381,0.009826429668658416,0.0060264172274495055,0.01032273707495795,-0.12450218563360621,-0.2801611207441762,-0.18661806087827604,-0.2867974837563528,-0.27185066005709374,-0.028338254932794585,-0.12195818056211576,-0.08010605092126967,-0.14146722911579138,-0.15055526215878948,301
2025-10-24,-0.046044118995311786,-0.12597016746012796,0.043907651905558086,0.024870852776998437,-0.015770229615280334,-0.08511686787523345,-0.16670878885944662,0.010435181486611884,0.026937769396066465,-0.0014598600359994533,-0.17584641045242816,-0.16472214126827292,-0.20722921974112504,-0.2222594147919303,-0.22563371134361584,-0.12878486676479114,-0.18968386588400188,-0.06541082334491569,-0.07790582670708363,-0.09367741879852381,305
2025-10-27,-0.17018196112495002,-0.13490916716483944,0.23462755689624404,0.07652588513763986,0.06446619580425557,-0.18586742515221602,-0.19339467634769664,0.23267038482264923,0.0712286227319879,0.04360805232653511,0.02670854230425897,-0.0041196596108248485,-0.034724738494950835,-0.1347947803284712,-0.053160396381413386,-0.1299991822369971,-0.13132426450206638,0.16733917338699472,-0.032074970854000066,0.029019008619260774,301
2025-10-28,0.01717958614037896,0.07017762399215191,0.1068150188012285,0.15446602582018326,0.15463060659960148,-0.07893302963904782,0.02252204683268608,0.07495135714862539,0.11306510069512211,0.12380995233627075,-0.022272657016302485,0.013232560795445544,-0.08776273945135925,-0.11744645033110054,-0.05018056733615898,-0.01398383855772094,0.05486155978609322,0.011191154502542152,0.025723418294125576,0.0976900415784481,301
2025-10-29,0.06745833443192129,0.12271207207651276,0.06820216475192459,0.03390227763456219,0.04250013735245718,0.1284261417537132,0.13178676795819497,0.0920714829599017,0.04763555424909299,0.09572046118646907,0.020239160957302518,-0.11585800529188492,-0.12414341051213973,-0.07937743665034165,-0.04651915393500937,0.07090829917900805,0.04357344348812775,-0.00868922282728845,-0.026579559860031906,0.03486204520117232,301
2025-10-30,0.03401542880376432,0.16778929016367625,0.06603473231692521,0.05479087473659983,0.007167036801127816,-0.050673904101485104,0.05294059765488637,-0.03622612271083792,-0.030562627589540693,-0.02536938253093791,-0.17190049190337447,-0.046794964055149546,-0.1519376108138368,-0.11601362022524885,-0.07699173856816632,-0.0631090951245651,0.0642458434494543,-0.051644167187168806,-0.022280949775863482,-0.01766655629112267,301
2025-10-31,0.1514322754952679,-0.17546426641471763,0.07780812560899027,0.04894055137701775,0.015085012535683097,0.09872485159065955,-0.26080445174405653,0.007259538877498329,0.04597169517578017,0.027430427092347047,0.025618120369774407,-0.10467368109869207,-0.10417598566431518,-0.029800631072709333,-0.014939138631580645,0.1477996434443292,-0.19556495006450672,-0.005379519633121722,0.03962523625656451,0.03175001620489258,305
2025-11-03,-0.3253062883345061,-0.3125950882528154,-0.07606876412666445,-0.11256338260467268,-0.0834496233415746,-0.4712522391847778,-0.3741811249110267,-0.15763534545983332,-0.13088981582481699,-0.04677965818790136,-0.2337022271937864,-0.24547201531428559,-0.1662144638734989,-0.11171734033237272,0.018588511625087012,-0.3911129780373952,-0.3742065117628583,-0.1747317596887292,-0.15718240136287612,-0.050021656907600034,287
2025-11-04,0.0966055100054132,0.10079151733298859,0.17997877586893057,0.07141168923923774,-0.0038168625894165966,0.03663511357966124,0.046852603043383435,0.13213568952073249,0.01338289437787493,-0.04896463143800183,0.06542870938684951,-0.0013882706658164738,0.039083789387602465,0.012813618141634567,0.05492208857180565,0.07010576266887909,0.04780906353557623,0.11730266918042033,0.03136111384142332,0.017880287330369615,287
2025-11-05,0.02407079383009629,0.11635758110373763,0.020539177670102483,0.040894975603063696,-0.08466364433295155,-0.06973256999086308,0.009227972443876149,0.009990187198991465,0.009806998280236139,-0.057342413828810314,-0.060456427684072014,0.02332496598423,0.04031110293224161,0.048495725959949644,0.05614302275224387,-0.053382110240543006,0.0202284364728324,0.01824599686784521,0.046347453960538174,-0.01895034260181229,287
2025-11-06,0.09330399543517623,0.082859370075536,0.1751769719028383,0.07142871722452358,-0.0390744178343102,0.024110972320797407,0.007796268014811637,0.10223126079017932,0.04718693997782603,-0.03786673431029833,0.026758716237703855,0.0038069913096003064,0.2200794091639024,0.12235498528620577,0.07228529411666806,0.04866747099453289,0.031234063682561063,0.19577258134084635,0.09752979627785827,-0.002886955539325365,287
2025-11-07,0.062454054372242156,-0.0032278874707735166,0.08409768819074841,-0.017753178325439642,-0.018180736233412677,-0.012257094441546889,-0.06467525023109838,0.10367169695599446,-0.030671980137452082,-0.030101758391274453,0.03312581261647038,-0.02663288916296872,0.15597867504468543,0.08084174291749947,0.043922266274598706,0.03695241304420687,-0.017293566687282255,0.14403327225285806,0.015117047141477232,0.009198564399401204,291
2025-11-10,-0.07254120521619661,-0.09684496089797756,-0.06377426741766773,-0.07085439939959624,0.011255387920287957,-0.11692272454412884,-0.12469079392230292,-0.059913041783476936,-0.07285131992896152,-0.000732568131579342,-0.03676717305990405,0.04320503227891391,0.05633761215996261,0.04829541343410539,0.09957579258780584,-0.07392805788803666,-0.06725230502080255,-0.01189494224505899,-0.029901506117598287,0.03598176643200929,286
2025-11-11,-0.09112012100171411,-0.007382565009794981,-0.10077637964001247,-0.05765362228126873,0.04427957410478291,-0.14061702471191012,-0.04580523099395406,-0.129793054062063,-0.08666245623947393,-0.0074151856808067846,0.08664324744483834,0.20060844478413817,0.06774572786291674,0.05938786121115511,0.08759079448264027,-0.032223190649624735,0.07555618008533312,-0.04170175397930935,-0.019094196739486487,0.062435386245117165,287
2025-11-12,-0.0055783653405658395,0.00445813309884164,-0.061938573293232775,-0.0801071681930704,0.03543801791263949,-0.11230047169903538,-0.01826826825518683,-0.09758010787964716,-0.0580460610370107,0.0177850606831921,0.09593564342514753,0.11939524418790673,0.02197133691365486,0.014769547955307853,0.009125454047759267,-0.013726714142860464,0.030441271245575732,-0.06146998149978153,-0.06495438451886415,0.014175000484861268,287
2025-11-13,0.07315170345297087,-0.0060063722487526516,-0.07147779701771295,-0.009405605817094468,0.007312528429458446,0.09014722824600793,-0.030906734198993813,-0.09095610309210186,-0.07062664430887476,-0.024689878988429906,0.03895477332014763,-0.08007368077417844,-0.12338274050853729,-0.02802945996644325,-0.030767681482555032,0.08706187173216515,-0.024530935134173044,-0.0808869613245299,-0.03401507745081211,-0.012929107315623477,287
2025-11-14,-0.09712411336123529,-0.13984488496404515,-0.12161418749189017,-0.08934059355812717,-0.044757287265487104,-0.11906461400892801,-0.1750015814584902,-0.1781805328754197,-0.11487458237814108,-0.07044281612208043,-0.1256756365369288,-0.2007830412962482,-0.10508023426017322,-0.04485078251898191,-0.07987917091796672,-0.12316276781645247,-0.18975617975575004,-0.13772668016199838,-0.10333817406032554,-0.07740805139939952,292
2025-11-17,-0.09241103945638279,-0.14648833916288567,-0.09247013711458485,-0.0546042100312196,-0.017183436130373254,-0.16661391575586432,-0.1501142730013047,-0.1983814539830897,-0.11656004008326891,-0.08290984865222956,-0.14881019972113918,-0.0955067661044067,-0.056539323416720785,-0.0024074185106688285,-0.013563275730292219,-0.14440712729582353,-0.15210173423988446,-0.12138310778383023,-0.06561405592773704,-0.04325178366118119,287
2025-11-18,-0.039834258382512644,-0.03710128255037597,-0.025442077082447587,-0.021585084435599842,-0.03451060039868343,-0.03872542371011267,-0.07186047883911229,-0.09805610167623585,-0.0776874754300084,-0.09007140863827207,0.0930853648298264,0.0582074007592895,0.046045685460245775,0.028236223305852924,0.01588742399523247,-0.004751512508704553,-0.010399652823803158,-0.038793193158231994,-0.023145805048853378,-0.016004854909227643,287
2025-11-19,-0.018674070596593133,0.036469798593352094,0.021408718569095566,0.08115440441924658,0.006156037665462303,0.01215636174749229,-0.03673187456561331,-0.05663342459869046,-0.011969419831863544,-0.028444889121889746,0.03256489964626133,0.003162900448597793,-0.01646513280290502,0.029157464752776047,0.02887350702557565,0.008772000962541094,0.013322141573757634,-0.008003109376642456,0.04973332266242925,0.03529170345344829,287
2025-11-20,0.01599940866681286,-0.014343250405405293,0.05376062986022215,0.05028689031287401,0.07431075810558704,-0.08104444023103671,-0.061255455745227005,-0.02175981573430374,0.019761633940302756,0.0651122936242791,-0.07207468069048398,-0.08706473755520529,-0.03280725824335253,-0.002744120586091409,0.030469794053696937,-0.04075188485802311,-0.052798542017961254,0.0032426601142681003,0.025880953063698073,0.0642696361720106,287
2025-11-21,-0.010633530137386903,0.020366518737934,0.04871503881724851,0.10080083733570243,0.06190648993005432,0.039153779536715456,0.10103212269627895,0.09750411057945882,0.16090163918880312,0.06600605742599766,-0.028206461501642844,0.048839497762667806,0.0028408137116411945,0.08141452982539271,0.00021609253138355657,0.006515398884810083,0.056007867734575986,0.033665160681374484,0.10731749157710033,0.03083442936162714,292
2025-11-24,0.021346379235377463,-0.021952195425121078,0.050551975600834395,0.07894952447118912,0.027661822724631177,0.06435577206230625,-0.05601777939701597,0.12138988951693529,0.14634069680496306,0.03321841060110242,0.11239498121286812,0.04305611975763423,0.0859008668410498,0.09455361865316808,0.04852222675921971,0.05209809792962224,-0.011065842646613323,0.09338954927555801,0.09084006952035567,0.03399025887572632,287
2025-11-25,-0.0782764008160329,-0.01439716701686509,0.04970656312322707,0.01325353594457089,-0.005101257505853139,-0.18542392130315866,-0.13411266334011018,0.04514873317068993,0.0100498866547703,0.017192535612009216,-0.11392843068370866,-0.09536494900318646,-0.03346819380079595,-0.020664567527973948,0.010118752440941908,-0.13692225644096737,-0.07469063712118007,0.00987142221290187,-0.008164914102880299,0.0018345608368189115,287
2025-11-26,0.053296659666556674,0.013580398399027225,0.05078696085696652,-0.009281402532672003,-0.014253136876115116,-0.05705040156622653,0.015393976178593874,0.047840234535593405,-0.025212636041421585,-0.007521599472289244,0.020220187562998943,0.03589170355812658,0.06920965639991154,0.017285554489151384,-0.027655310910946716,0.02307147256799488,0.03660119720509885,0.05101359106710913,-0.01255060579832098,-0.028719849614917744,287
2025-11-27,-0.06247379579436462,-0.05169266738629685,0.06434110522395844,-0.041069280789372366,-0.03289069387908195,-0.0010283602133095964,0.021653066230047004,0.09245574646337072,0.006254449242830284,0.009639039254582578,-0.00439082362530614,0.04863082698171745,0.046163023004267244,-0.005733929582927106,-0.002414243950519208,-0.01697353243381111,0.012467270849293714,0.05693372434536874,-0.018136633638371213,-0.022954493112545642,287
2025-11-28,0.01898127821911024,0.08486262592292203,0.07106082866571325,-0.08678067910509422,-0.04126619691048199,0.010383142378208478,0.11471593891989798,0.03590831319295872,-0.15703261420255069,-0.017751672354359472,0.06702648109812728,0.16157954426077054,0.10636353268728549,0.0009962577389757024,0.0392172707239173,0.0495732925112565,0.1434064956644892,0.08191994963222833,-0.0561199824154735,-0.021898314974135094,291
2025-12-01,0.030561249518216496,-0.03564685224470279,0.04251714165571133,-0.03577713406998552,-0.014151651413609613,0.04074014019095378,-0.01303985454815158,0.07486683190767239,-0.057895052685627724,0.000328333319072795,0.09057800943033338,0.050575155129327205,0.03643800333985663,-0.04712080018288057,-0.04940673895975089,0.03592440876647561,-0.02280690470849313,0.03736992546343573,-0.04295945681666154,-0.030199740926175393,275
2025-12-02,-0.10503057556484466,-0.14369160288971156,-0.062184304936710795,-0.06403269453044885,0.025193539933458946,-0.11471419394913097,-0.11251052774405561,-0.015347586583944757,-0.05877107689730672,0.05456430206459587,-0.06585646746496038,-0.10734447104950202,-0.08795730381457062,-0.07966873094339764,0.0007625219724733712,-0.09926678597835638,-0.1260478135557195,-0.054509468402571086,-0.05689247291151259,0.03457753886656841,275
2025-12-03,-0.12934113963581642,0.031909043956421086,-0.0956419415784658,0.012895832362785289,0.0829889665700341,-0.13393435313117008,-0.019451170913723646,-0.06551509396377903,0.008511592219089988,0.08271618153482843,-0.13230857706073468,0.013740167150491223,-0.1751520717845694,-0.0006265687896120671,0.03405555678423434,-0.14664935284212036,0.01592254900335502,-0.1093197298476991,0.02912382849122968,0.07598663265499322,275
2025-12-04,0.10080710255730543,0.14705054993886402,-0.0266773464118911,0.004444507038820106,0.06330770088075166,-0.02527089699389585,0.05404210023330273,-0.046463217304666696,-0.030044100360745677,0.007709819063186235,0.14628717889731319,0.1657121060604449,-0.05639635164158458,0.029355117775793284,0.12613211682845207,0.09722985482279548,0.14451599429113388,-0.033669177847893944,0.026543884049452005,0.08891435459368757,275
2025-12-05,0.04038120446708998,-0.03528898342377396,-0.08603649524761191,0.011813259893722311,0.06299379908885988,0.062416527902281534,0.030998162752200416,-0.10928100306451517,-0.017430992422266735,-0.0038245281192964137,0.023779728881441493,-0.11727983658949315,-0.10617737788815414,0.007166695065503268,0.07057266818919104,0.05059595728254181,-0.04540553761260357,-0.08891327498114175,0.027261550533740377,0.06873596762667004,279
2025-12-08,-0.20950290284699327,-0.1787825220525593,-0.10457870885601596,-0.09058008801811801,0.0029864418187853666,-0.15173729775985464,-0.14457141650949043,-0.1630957458505615,-0.14736241592664093,-0.1009257506016152,-0.22606452917201478,-0.21302948377558548,-0.09106337602181325,-0.008686123689204293,0.06754566842186491,-0.22138634390812362,-0.18739169110887965,-0.11702011531994394,-0.07458431328149874,0.01203274580404105,276
2025-12-09,-0.11292526596278114,-0.1330074988192834,-0.1219165858008118,-0.035385942081414205,-0.07702046665524798,-0.24247221920328438,-0.18389699103342344,-0.23473618214116454,-0.12831511711356405,-0.19491999575018723,-0.18862620415804005,-0.12163796749238118,-0.11316208801371443,0.006472288317893949,-0.05856858093432542,-0.1454265741675753,-0.11186185609179615,-0.13309431053312912,-0.026353269551043165,-0.08987273948056343,276
2025-12-10,-0.01380903819066172,0.015890154693644642,0.09042488386703564,0.07834285789433751,0.0594985065066162,-0.01683719610938263,-0.02354149113743275,0.001907149362605253,-0.02821511001083295,-0.050173179861218144,0.06422265690759701,0.022165566594534263,0.08611989123501122,0.08381990151485258,0.07978972201132474,0.03126209251931976,0.026926621491539432,0.08297751366677224,0.07584490555111233,0.06535665961193557,277
2025-12-11,0.06779225192413124,0.028880537781621463,0.16200821832466852,0.07848666596087464,-0.038150228151550815,0.03185565891351844,0.02533971192461483,0.1290905603696667,0.0015024705229981347,-0.10440433881712143,0.013067680190238658,-0.0012925589547252774,0.14930402161803683,0.04326690549997948,-0.08311536909522163,0.061182638331757064,0.03172206717407664,0.15669091604158306,0.05931173188983919,-0.0629144073970934,277
2025-12-12,-0.010803091069046013,-0.09100855215149646,0.03994391616612423,0.041268592880301956,-0.06765659117973917,-0.01913550576954485,-0.16730302246343312,-0.07163219456739252,-0.0264272637340469,-0.09579777882514648,-0.05937090450832752,-0.10710303212891033,-0.041925426928655314,-0.0161103705133092,-0.07903439013502377,-0.031883937440798184,-0.13815503842536098,-0.01324806682362973,0.006560526481199335,-0.09042905138155495,282
2025-12-15,-0.12523944994926609,0.046049600828099536,0.0015876838098041084,-0.0226109448657833,-0.08749301839282876,-0.1915580375900711,0.01642405999347862,-0.04539983488864101,-0.040138391041379874,0.02066464562690987,-0.12420805577338126,0.035307501018004665,-0.04945956490246782,-0.05534461168967401,-0.04530070194313091,-0.18354497410900508,0.029549697512852573,-0.01862433546272758,-0.053365398288257884,-0.06524696918388788,277
2025-12-16,0.06494919317505737,0.14554346323692705,0.08956937965659909,0.09449506604144652,-0.013815004435874538,0.0875511405075585,0.13970494435715144,0.1396108009471744,0.11475828691192291,0.05503757335342051,0.15768728037739568,0.24637789988966918,0.08635096573338995,0.04104417632152238,-0.0013383429978602983,0.15198936741788657,0.22725081962787813,0.09874605227101353,0.08439578204511598,-0.005872221521171226,277
2025-12-17,0.022327682328414453,-0.0641660446234431,0.009520425635935649,0.06982110886036623,0.05461144541457189,0.024707038742170957,-0.014181793195663445,0.08054845153244058,0.11810856374939056,0.08390125196210017,0.09742184073787961,-0.08175725142504896,-0.11264178504329632,0.007400814603300893,0.05064010346992118,0.08780798512020724,-0.06466702230437195,-0.0070168435319146035,0.05205257899908002,0.028438724285431934,277
2025-12-18,-0.1109676370680403,-0.062423451756476296,-0.06448178085180535,0.06445614511113326,0.01101250308911315,-0.08469768129415085,-0.019364423343229686,-0.051385515107929804,0.043254865410331036,0.014703106131541752,-0.17376334371988775,-0.145317655027249,-0.14234181307821353,0.061825878938179896,0.01694506875925069,-0.15225595316456608,-0.10626384657489685,-0.11339102109118422,0.038012318417022635,-0.030382519058037006,276
2025-12-19,0.05064189274609569,0.008795697473705002,0.05585426408092825,0.09837450406107628,-0.02584851158957599,0.0383495999851005,-0.056615441805942225,0.01116332638380681,0.08735558039834632,-0.06352964156231533,-0.05248411721233717,-0.05195422725479003,-0.047631360442079,0.09664370137980319,0.009785640317166147,0.008194487632149625,-0.05782853024788877,-0.012844823606521956,0.0727954059057934,-0.05600357723588194,280
2025-12-22,0.0971260248969187,0.1235322659323509,0.07796579525660714,0.09004395225938448,-0.003862485922035802,-0.01284599857392066,0.10739442190284176,0.00797253009560245,0.06351195970250628,-0.027259642393273734,0.07470110866662479,-0.02299067464085328,0.041856632032903594,0.1060744806551237,0.06772762992798421,0.04945509624314971,0.06512216159803091,0.020517670794095267,0.05177220746757056,-0.02840774425099984,276
2025-12-23,0.05914977315718968,-0.1461570175574588,0.0461920562691314,0.05219170990103636,-0.00016808790191455016,0.12993653276490252,-0.14152561113833795,0.04104536098206391,0.08643733724563983,-0.008483906889355726,-0.10193433509663827,-0.09266144923690595,0.10409628341024768,0.08431591532846318,0.06427332303995216,0.022783153436430375,-0.14798918643042813,0.061483702276718684,0.04653633192978893,-0.013253250670804623,276
2025-12-24,-0.28443974908501224,-0.014782241694600835,0.027192774126712276,0.0003731054582384679,-0.030723352798503092,-0.34941131115460194,-0.0887131327036876,0.0038669792378487233,-0.014232558756187064,-0.03960521779915146,-0.05326747946069354,0.05470112239610356,0.15912934315193694,0.159743088265967,0.060480870006732426,-0.2651299308268587,-0.02755965191667587,0.05740932959731588,0.023949821194388293,-0.025643206295891646,276
2025-12-25,0.24647439396762139,0.19541530327592935,0.18064690659068072,0.07214602800140547,0.07217347796892065,0.18561099209512835,0.10576556113789048,0.17156833288275175,0.03433435927583374,0.05067687977282921,0.17096902718789758,0.1897211025043769,0.28845945091371866,0.05441485055759609,0.188111879288652,0.22817812761433015,0.18061071668456896,0.2301740102250439,0.03552007445745572,0.0927978897040054,277
2025-12-26,0.10556066131049513,0.07051249583283577,0.14694500978579855,-0.027723089951306897,0.03266296066459544,-0.019598162972145113,0.005008123345057985,0.09909264632231035,-0.07568510665998177,-0.04154195224750773,0.14343482433492016,0.11975347734857426,0.2399475742964246,0.09948810630427268,0.2060681327457021,0.0855092972615891,0.058969601611122434,0.17564486164456103,-0.017413599887789184,0.07464273772372296,282
2025-12-29,-0.057538902535228906,-0.007127828195254569,0.07259730917020686,0.025785680411767188,0.09662925844354184,-0.07974620382966363,0.02129136131043415,0.07927536709152226,0.015386341806787012,0.10907593144581373,0.03976146746552621,0.09308378099197398,0.14919490526217366,0.07466827139580086,0.18322733939030278,-0.044965110106618286,0.04797138165018743,0.10809396912496744,0.01745565826203175,0.12766356280365684,277
2025-12-30,0.038788772348833336,0.1333440326819318,0.1457979441045122,0.15754214070892342,0.20398779404610615,0.07108702241721995,0.14882412499384937,0.15860001438407975,0.1299065296911613,0.1887818656577948,0.0451132556437776,0.10765806141632153,0.043587991126908046,0.07702164578056665,0.12537970424028202,0.06920076398942726,0.16177755600718866,0.12273393176864607,0.1284179038592409,0.19763070242887074,277
2025-12-31,0.13272154155546165,0.24088278960082868,0.21076880768827627,0.1358102675790427,0.16591694389806808,0.09842120410708609,0.20073989439926462,0.18480155492497147,0.0622494276617517,0.11483302350387713,0.07908973431207542,0.1846590644224754,0.08944346491420274,0.019299879967339492,0.08216338463686101,0.1183657806787692,0.21988462007503193,0.1592872489941182,0.05805945375943828,0.12143557864871038,277
2026-01-05,0.07258470618352834,0.014136293736883515,-0.15565512592833544,-0.028833368890155857,0.0867798515555322,0.07717738102775061,-0.017728333992446006,-0.16521025563561825,-0.07150462723608084,0.04781719005914804,0.08063838379122343,-0.02816944706817893,-0.2177770428739097,-0.06636867297343181,0.046234880677655014,0.026912453717507265,-0.03609012222564735,-0.20660294239166968,-0.07750093464222582,0.04208396240654434,281
2026-01-06,-0.07086639756540773,-0.149106128162634,-0.10469111415247613,-0.053230492091833816,0.07885124549826199,-0.049224999084462095,-0.0790481243682954,-0.03151058483588673,-0.02082509958607071,0.09616045843733158,-0.11268011495459948,-0.15565948674814828,-0.10866602076644705,-0.04436516802394182,0.08684667214707655,-0.06236470431026871,-0.16334950767866,-0.11226328661854801,-0.05918508986763009,0.061553758976821304,281
2026-01-07,-0.20154789642320098,0.10354172726537243,0.07247583649425891,0.18746694988593884,0.24959599029366328,-0.07652274439283639,0.27153079351264686,0.15214926864737754,0.21793605545308684,0.29576961442677896,-0.1461374652709157,0.12221595900664539,0.006310600945989698,0.12880998356926746,0.16544139916760234,-0.17696195636669446,0.12917660321368493,0.046233236402779446,0.161793958144264,0.21578715111988214,280
2026-01-08,0.26615070229517596,0.104439495978648,0.2858259376955526,0.18276843633755363,0.22001254258497496,0.36288366316127996,0.20139417059871792,0.3167294912865418,0.26433751896852736,0.27507930379090545,0.22182685210213504,-0.10597543822321236,0.1363830579716266,0.08030474288376069,0.16481761519678587,0.27411404270209694,0.03494684134035529,0.24371511358330553,0.16381850775583576,0.20952399437669672,280
2026-01-09,-0.23923033905232086,-0.07052197881118544,0.03008508961763853,-0.04404211342093649,0.12040039292530613,-0.21918739577171215,-0.10638538368573237,0.028553332335552857,-0.05493275799526284,0.13709922080224732,-0.391142519197905,-0.17705176021772948,-0.05412842207932922,-0.12622656991738873,0.078527279045997,-0.3049471897060356,-0.10092190177374567,0.0024439945495171797,-0.08065971305006996,0.10457308017846348,283
2026-01-12,0.02381474012079768,0.15676432125373807,0.12379156569519788,0.06791635378138926,0.16820623090377837,-0.11963102072363845,0.09668249528880342,0.055191849058867586,-0.013510989647507613,0.0996503163232749,0.13272193959783024,0.16485893021487935,0.17938632608993493,0.13374303721858016,0.20066701141641466,0.06405632411594683,0.16269219914602842,0.14622646142972306,0.06445672853921382,0.168914869968952,279
2026-01-13,0.16147551387175077,0.1309975141652805,0.09107817387332423,0.10270838022145817,0.1119260363893538,0.15337826390417222,0.12617018089667095,0.08396910937637928,0.0694037737153775,0.11802781751967165,0.06686265315442148,0.0908520908472856,0.07296175289924431,0.15780122823887097,0.1424663805876189,0.11060899002296178,0.11014409223129701,0.07000133464088519,0.08368082464733764,0.10259552732142203,279
2026-01-14,-0.02459146420530672,-0.1168669811237289,0.02770437137079473,-0.06423454985778135,-0.0023092450642313023,-0.06145082765117311,-0.18799137227537555,0.024897244759786066,-0.10065647900406689,-0.04546776011413622,-0.05292437517679298,-0.012659115042802807,0.14721948758387476,0.0005933644120107001,0.04155752639887756,-0.040783002762497376,-0.09772163925084418,0.061582350473759574,-0.07307187841533792,-0.006004074582906335,278
2026-01-15,-0.09771308278166423,-0.10335498304024772,-0.17564006726064443,-0.09909805396504455,-0.10251722500416656,-0.22676069181104608,-0.19089926442536734,-0.20632773021059925,-0.11851590717520269,-0.1353179262620683,-0.02488572099376076,-0.06676504412217618,-0.10109888420812445,-0.0052826322463257296,-0.018593684200801215,-0.11375689258131312,-0.11008891580018984,-0.16229363352418558,-0.07697986286315635,-0.08353469353957092,279
2026-01-16,-0.0925339330383551,-0.04119937347885874,-0.28141607748912384,-0.06778613643732322,-0.02657246617101773,-0.10741312027705416,-0.022656989960728468,-0.2957169235503075,-0.03184758792051633,-0.010407434555903074,-0.11937508145975963,-0.03584594644105782,-0.21085645719656487,-0.0035402573222821265,-0.01902992771814143,-0.1126454575200676,-0.04358593389537561,-0.2905590126713226,-0.04644109920770501,-0.0426983611249511,282
2026-01-19,-0.028984461272386627,-0.023199949732479623,-0.22283497852171266,0.0422078459115273,-0.014195056220891112,-0.022735672658864683,0.008783810575037326,-0.16808262582842007,0.11206189669770399,0.014680716086425953,-0.013826083908891623,0.10473290223101843,-0.16430824656165247,0.14260166101664573,0.046485858339693036,-0.020561883203733124,0.028207963277178373,-0.2318679549825665,0.1241418876888519,0.005074059567470562,280
2026-01-20,-0.04881053270543468,-0.20363931284466344,-0.09778738077343974,0.11074185633868963,0.010326340993390927,0.003550655000754128,-0.2523577437484745,-0.10652676060525186,0.1293498167530629,0.00885359288700897,0.07311838065277014,-0.22700307941716782,-0.05139115089242778,0.18321337046787073,0.06562205319757984,0.012126933308775996,-0.262313881277789,-0.11015822599397516,0.15651445248324478,0.012103170354930068,279
2026-01-21,-0.23648388907078752,-0.2698762580514927,-0.11932022535274378,0.14624614849495815,0.060355243649075546,-0.33899504844552486,-0.4011325925826252,-0.1367225911192176,0.12866913828258622,0.06124328723911734,-0.34653434692012763,-0.39741326708622615,-0.17989914633634846,0.16522271909215305,0.06619567964374198,-0.36102400036833693,-0.4074010029507904,-0.1863985187440149,0.14928012318907177,0.04341714297914921,280
2026-01-22,-0.22249793148832375,-0.16185991089998697,0.038617841151353735,0.12280206568323762,0.13073680273789387,-0.3772012674346965,-0.189180967073484,-0.05181434105620053,0.10994406353234096,0.08183537288113996,-0.21906482282331802,-0.11075360221315379,0.09314500951081958,0.23223511877961603,0.15743350752015461,-0.29150911234242183,-0.17990566718304282,0.03585851531822386,0.1673480265074548,0.13392477778829967,280
2026-01-23,0.017019380003639964,0.07894540770165141,0.04632470379879565,0.17978226812557394,0.14416957347263779,0.010003995604244047,0.035862851714489975,0.025500359556581205,0.11619579306047505,0.1217172794158321,0.041374878934839085,0.18787855048699487,0.12874983344645602,0.2513108714272606,0.2300815950119542,0.004528465174411304,0.13259259191866973,0.09792431318778387,0.22162012121361283,0.1887414339258444,282
2026-01-26,0.09009480402063991,0.0661008247813489,0.11215496382089808,0.150128870820192,0.17640441468016124,0.061615494642262944,0.04027733145831896,0.04801000709979095,0.03184686740879344,0.02515805956976969,0.19197430897151152,0.07824218349332417,0.22064717605434764,0.21439926689433486,0.2328290486375208,0.15956321570426496,0.10353051716960988,0.20177247367047205,0.1703783215969837,0.19606985097964016,280
2026-01-27,-0.05147544597197103,-0.0042621233657602065,0.10942757379473421,0.04748337181636461,0.17627023617271387,-0.05757844212260492,-0.06617631835259584,0.04736736567025068,-0.061379762019748374,0.10447527389426622,-0.02580460816944937,0.049239055826898796,0.26461108936928696,0.11645669537206328,0.19822802031444392,-0.01757522354234176,0.031416026947409796,0.20228793514613988,0.06880727545408283,0.1935619157605475,279
2026-01-28,0.02793659986681113,0.018461059291121646,0.11792671930162128,-0.009935804517013471,0.15778448557150046,0.023420993211397612,-0.010056184448306246,0.15928697448789222,-0.06749537501767122,0.17528156877523318,0.11431634857744025,0.06352384473368566,0.31978716452639633,0.06355257507428266,0.2393795845721871,0.05873231277653777,0.043632184687307965,0.23482992125271798,-0.008964350369319843,0.19483100348296,279
2026-01-29,-0.05352366630636541,0.10299889824952084,-0.025450409069211317,-0.04664365730928838,0.01574915820716769,-0.04592723450728748,0.1292572012484926,0.01752755098872565,-0.05676483507573521,0.04868687094428396,-0.06843261555398665,0.2029964717493087,0.13051297895487776,-0.024538094897237656,0.13756946026756875,-0.04406194360522274,0.1946029117332122,0.05256226527322172,-0.06603042592327558,0.06289921692690117,278
2026-01-30,0.19317612528667877,0.11465823837841897,0.03548825999853512,-0.08840705945035177,-0.009982086286397995,0.16063878297824194,0.12545371321714896,0.026008956405771343,-0.14346996594111724,-0.049428119020438366,0.26603917597963966,0.2763324804139681,0.13490419009118998,-0.0657276187194195,0.07499920591340549,0.25265190228045625,0.1966944663655076,0.05927090373397805,-0.13827861081470574,-0.001684799478216532,285
2026-02-02,-0.13222586701793002,-0.17100837216042447,-0.2106456018935007,-0.28540850872006635,-0.021048566888410718,-0.13954539842116256,-0.10627044294733894,-0.20428262239896947,-0.268876241232285,-0.01962282421267199,0.009349774456560095,-0.012598830894398387,-0.10232253335568353,-0.260343603827597,0.02480287179797586,-0.09571249966419433,-0.1059350213773917,-0.18679599199433453,-0.31362871196948894,-0.019835590511223238,297
2026-02-03,-0.09828724997931393,-0.25956613501097425,-0.2868232912557778,-0.2198225861830386,0.024540413585515085,-0.08336469939991126,-0.2903088645965269,-0.3167969544789638,-0.20382838534773606,0.003637639526253449,-0.044585651457089065,-0.2210990983579414,-0.2381203720733433,-0.2535298318592526,0.008736000613545774,-0.07249565944552468,-0.2777525646674178,-0.3056942462387219,-0.26241514746460454,0.010384552754478617,297
2026-02-04,-0.3580520668431139,-0.25841329613821296,-0.3492468403055063,-0.18218061278192327,0.01576295738172671,-0.38911864502616844,-0.26197668767798815,-0.394274436941245,-0.12051895060885981,0.05598712591097564,-0.34976134855151164,-0.22941651214781103,-0.39095039883918464,-0.23748659772754194,0.001675802892027303,-0.41235793419567934,-0.28727903929435544,-0.433414459550377,-0.23207159397886576,0.015453624868455187,297
2026-02-05,-0.05016013046816354,-0.08960134713554198,-0.19522175288806193,-0.0008542824460620078,0.12185819018829014,-0.034026830377340715,-0.06682288603434165,-0.21401374035794432,0.042537044700445385,0.1516697023942048,-0.016086322299844216,0.005191234659790879,-0.26078396473326604,-0.04292562218188515,0.09555020773967057,-0.03193460535257297,-0.05667611012565254,-0.2648766534232597,-0.009361904663258865,0.1335124802996272,298
2026-02-06,-0.06489342962940049,-0.16540646302921477,-0.17660783018513562,0.060246094812868904,0.08616490462604337,-0.05289207253501022,-0.15063522512153932,-0.2216622567542826,0.08096499073301322,0.045596903205117605,0.013385586815162068,-0.1828343375892842,-0.2467177934822956,0.06272859419036038,0.03584788565883443,-0.04818451644845748,-0.21280283515789133,-0.24939963777071794,0.06371981228025084,0.07211902041887121,301
2026-02-09,-0.1962179595438144,-0.20041484963947967,-0.02117855202369575,0.2099280999748304,0.09772656225449233,-0.22786152479588817,-0.30926903553763035,-0.14702235383278098,0.2254608752677672,0.07280529612165026,-0.3088992495185011,-0.33461537140572356,-0.14031705039115971,0.19883113099700514,0.013190302067381407,-0.28218518855603425,-0.3090694694331824,-0.11572879512434363,0.22969343713814086,0.07487524590395626,297
2026-02-10,-0.09088003237851873,-0.033639205644261476,0.0556975080423118,0.1617883756389978,0.14348938005693043,-0.17225049510761115,-0.10333845170746558,-0.03017033279650255,0.14219489979882158,0.11999808532678229,-0.09680144758407504,-0.10425380909160012,0.05706506486634033,0.2144377699053259,0.10938595744723974,-0.1194974579050953,-0.07538678272081113,0.05756072222705037,0.19951567922432686,0.14455744687016345,297
2026-02-11,0.08449631257711596,0.039210154363133555,0.03405974913057019,0.10489609698592421,0.15423420511611957,0.030846086572302492,-0.0035652296246426744,-0.07066466804145162,0.03840442226712788,0.10755618980809191,-0.01007220254216561,0.1021304158652426,0.24163338850261207,0.2905449669593635,0.19126604091780336,0.02970411529577615,0.07454441871943776,0.14683046240742226,0.20161062033253582,0.17072623021650143,297
2026-02-12,-0.031227853651502352,-0.019460008706257352,0.07018447513502002,0.07392805346105505,0.1639853077532354,-0.014494266789551263,-0.16187673420000728,0.015458991436214462,0.06714827281958187,0.13694014455507647,0.13411166599750454,0.19977129450953907,0.2624990027495734,0.25287306744801125,0.16643392901059686,0.05898313250962447,0.08122137999713218,0.1688285856802444,0.16603674627850354,0.16816272928911308,297
2026-02-13,0.009282133157241844,-8.533343443602e-05,0.19174514883371752,0.09777421682866604,0.1342051801897915,-0.14597665387127637,-0.09669018722804051,0.052507837476950855,0.006793537012392086,0.10118743647149986,0.08378720628532152,0.07853922696536011,0.22448446912808176,0.1780973488429592,0.1029510097836521,0.013661937723020311,0.017049441144470417,0.1803316193124314,0.11772908173466232,0.1100250980789982,302
2026-02-23,0.0721758513719536,0.11387936190518622,0.25754021824042655,0.19927124892243406,0.12557572211486123,0.0717910716400016,0.12790786372139717,0.29226866073349916,0.22334753454533807,0.11448471925107881,0.06306150011282473,0.21528604401696247,0.34869097065369253,0.2770524809338294,0.13562074792917092,0.08842719298057612,0.20166660669838649,0.3098982831530365,0.2542691811408294,0.12418676752107125,297
2026-02-24,0.12300812345009733,0.11959535172480563,0.3088492218061206,0.21382955467705667,0.08242977958341059,0.06098365529854557,0.1062671931084013,0.3414042436188613,0.24444744735343482,0.06302029396577546,0.18282417706237009,0.14089911689738255,0.33076252564232356,0.2829619672758803,0.1349458347446432,0.15300045228109743,0.12332107956628433,0.3153298321702267,0.27489270585819925,0.1130603400144832,298
2026-02-25,-0.024401837596534675,0.1949780177547786,0.30805212991695324,0.22978046974151267,0.03291367506130485,-0.04658911445064783,0.1435891376069755,0.3121542931456993,0.2219559399852798,0.01863342657032389,-0.030412952398908184,0.21050607473791294,0.294440419170654,0.269616072341755,0.070604922328904,-0.05425827911099656,0.18508792191373905,0.29541447039059493,0.2583389645384815,0.044866205726470085,297
2026-02-26,0.20773481426622997,0.3366060829523424,0.2783829092864527,0.22100511488317048,0.061783591013176625,0.17654261577109057,0.3203554660731081,0.22880292608365205,0.2308653639263502,0.05797238801164993,0.2598326918815072,0.34636933296774675,0.2544011370628873,0.3045015527651631,0.12169801198086029,0.23589455816418178,0.34490139829580974,0.2756600215220414,0.2937328210161592,0.1071719432596612,298
2026-02-27,0.34449872904593215,0.3426406877587909,0.1327004733184619,0.04231254839591243,-0.09504119406557288,0.3313519637284756,0.3305838666945602,0.1232098102599714,0.008079433877406545,-0.1219360874581985,0.2791624540396066,0.28036141476947374,0.1877680000491574,0.05387517917511128,-0.05191239657975552,0.30750204476485044,0.3130349989142821,0.18036788029740888,0.06797484590925396,-0.05756519287630914,300
2026-03-02,0.1548796811285556,-0.0886028413014856,-0.17191286048038,-0.27548294704984605,-0.25433209191306066,0.12227465805244284,-0.1529522899974018,-0.23169956251263518,-0.3207519223585407,-0.269089761621703,0.04996462367043447,-0.07625832726962241,-0.09753392316270752,-0.24132804097997512,-0.23097627456943826,0.0984090586851395,-0.09974785609545789,-0.12649339056391665,-0.2477248958957704,-0.24027401314579888,283
2026-03-03,-0.1872461849124874,-0.3247146097108677,-0.2410262982955419,-0.2657270932385924,-0.2901297143227005,-0.27236607246038047,-0.39437717867928773,-0.29581469989409326,-0.3331891014717075,-0.33203674360782287,-0.1251198102927446,-0.28514809459292284,-0.1975782736010763,-0.2535065794419935,-0.26906429072628607,-0.1617154109819476,-0.30595405572620726,-0.21047083468013697,-0.25255232817096446,-0.2763990270227001,283
2026-03-04,-0.348139058866757,0.007313008783741423,-0.19899897919770526,-0.19878625282331028,-0.2704436616853751,-0.3062558379241626,0.01945888481564107,-0.20595482656316913,-0.20723193290771347,-0.2825052306690817,-0.3533631781213072,-0.017460472961976864,-0.16067097337433328,-0.17475002595597103,-0.25139098483895717,-0.34768731276647585,0.0013475792012355686,-0.16875052947055247,-0.17556878158933956,-0.2534530621668096,283
2026-03-05,0.17203946761440359,-0.01899581565334452,-0.01656037263815435,-0.143015650493768,-0.18788132127468327,0.1924681677107514,-0.0055578424370795,0.005053369205367103,-0.14068556996729029,-0.18677888554024283,0.1785202979664969,0.01488841394739641,0.01538950224928312,-0.15468946260979477,-0.1980112502630161,0.18233332858822657,0.04731971882839328,0.02569066685278845,-0.11991122266687931,-0.16566122925947133,284
2026-03-06,-0.1979047620109909,-0.21394866416876981,-0.16215871036011548,-0.14112076511669835,-0.20087292528177828,-0.20047118171906161,-0.23983580890077785,-0.13002209478744495,-0.12297008248432256,-0.19122514743327487,-0.1533731658179467,-0.21814796996655358,-0.16768010138931347,-0.16997113618435603,-0.23537847499973213,-0.145545834555235,-0.20625514820363003,-0.1379117893628622,-0.12318963527634363,-0.20475036141344372,286
2026-03-09,-0.08452431147922419,0.014478315151678904,-0.11367777401994972,-0.013915793284268008,-0.18054911520841962,-0.10043123223925861,-0.016148873970670035,-0.1606227986249178,-0.07076564144894525,-0.15831330560754045,-0.10755408993183711,0.011955407245207664,-0.18257588815909437,-0.05369461483300741,-0.23221621376748688,-0.14340961198787205,-0.052608394439024035,-0.19657680481735584,-0.05219248324707497,-0.19241627633828065,283
2026-03-10,0.1497269796702137,0.2245291241644894,-0.08773951113426642,0.004075868650706471,-0.16335404421153243,0.008768527761039365,0.12060686737771337,-0.12498889759081648,-0.03441006755854601,-0.1700017220511225,0.11215095823597253,0.13776329541317356,-0.14975226924612842,-0.06272275082062939,-0.180462440398094,0.10297156255628868,0.16370902066159285,-0.13880474883399738,-0.022744498194827274,-0.1723138494558637,283
2026-03-11,0.07077430934738577,0.06122540496925194,-0.0908790216600079,0.04229684974353763,-0.21642328339732642,0.09698227911860194,0.1149182292144205,-0.008284852374941804,0.08026566027726847,-0.10301442223221535,0.02812763450154333,-0.06428587424480788,-0.18426386078995066,-0.10038179529978175,-0.2623896687681126,0.06905809216166563,0.04578698107210535,-0.10137546993880905,0.035443430712013085,-0.1979491573556242,283
2026-03-12,-0.07776090742348259,-0.17658835775540274,-0.08870063423622027,0.0065006766832143206,-0.21533934503393684,0.08054933336143484,-0.06410802721656142,0.053121380571010346,0.11326781508960462,-0.08340645334915128,-0.14210653418936445,-0.30515829972280445,-0.21368414003650082,-0.10680362959719912,-0.31367408704630734,-0.042563027108720584,-0.19238682649872485,-0.06996377011498196,0.030278980228199477,-0.21160590348464758,283
2026-03-13,-0.18262520845270416,-0.2028110671598874,0.07777590067114352,0.07520569646292571,-0.14667808307352606,-0.22730311597799435,-0.17310780731667286,0.026504750621829477,0.043573016610828026,-0.06995987544874334,-0.30804387298679925,-0.23879805227139955,-0.09685374193184244,-0.07359934894821384,-0.25249050180842053,-0.29070087353661767,-0.24934136865135717,0.0197188347620528,0.051527490949941475,-0.1700129713767724,286
2026-03-16,-0.10481780368222214,-0.01325737467278404,0.1398104896059881,0.11943383006848415,-0.0844703145903772,-0.10408362064295819,-0.14149674731303016,0.15301932590422193,0.18057419170485278,0.01457292283808683,-0.023911475895944053,0.132790179819147,0.15639082312612448,0.033552950432021396,-0.19930712715410157,-0.11911824765202676,0.02979311911481025,0.1827203316416014,0.1473119103513502,-0.11031105086283838,284
2026-03-17,-0.0478823052118334,0.13687743335302505,0.21290845285889934,0.13177417376420716,-0.02085863564276292,-0.18009580540995307,0.06906443063682928,0.19748259362111026,0.14148302053250789,0.012833001163609095,0.09301386566408346,0.12837428867575365,0.09811450519927173,0.012522352055826415,-0.21885218904567078,-0.0006708898702783906,0.17467497266394838,0.2019029467886664,0.11815966237802206,-0.06972389923596119,283
2026-03-18,0.16192708456435678,0.21649557684870605,0.22153772950414735,0.13471189294003383,0.024392528346085428,0.16536451719414424,0.15005263771508412,0.15643464393247067,0.08482807947361462,0.02201104351359194,-0.023268816210580225,-0.022928867312364265,0.021155011028310047,-0.12681059724564195,-0.23625561421858995,0.1170251753875558,0.13651820414849167,0.1635904106549178,0.043791320938021565,-0.050451604302000255,283
2026-03-19,0.1211008194053402,0.11326367622003057,0.1784771115024345,0.05988121657773947,-0.031144093023341205,-0.006202197245248861,0.08159443843913175,0.12723013687642734,-0.009153478900041674,-0.07017733955296068,0.0030783665733467914,0.09162864833026102,0.09642794712003645,-0.15565494261968857,-0.21643826615517742,0.04639734886470528,0.0671890037782476,0.162246391185584,-0.00489329428310828,-0.08007959206644387,283
2026-03-20,-0.00011435900329555244,0.05939122961363265,0.04960595503896226,-0.10341296809525777,-0.1164230058586132,0.08838996925864098,0.05828676747403316,0.042484677636187566,-0.12634658296036783,-0.17020220517723583,0.0934623256605653,0.047762733217649254,-0.05258858046882879,-0.22623603833971334,-0.24084055040621286,0.03949543698677233,0.07052896377058603,0.04065769412548546,-0.12786735994693052,-0.1360818804888796,286
2026-03-23,0.03139007412419048,0.07236841001727463,0.02334203797680024,-0.187243606167401,-0.14849343848124147,-0.12161732275603791,-0.06654116658825107,-0.08567066249910928,-0.24664664713534748,-0.2578814098905807,-0.14108964608780902,-0.08049064035291424,-0.08362697793998128,-0.328344920041199,-0.29277605535881124,-0.02405493133353827,0.025100723486523445,-0.002501669434169757,-0.23977647720755008,-0.1977058688854687,283
2026-03-24,-0.06410797842982192,-0.06319085054631385,-0.13178430353080686,-0.23100637347652747,-0.189123703471138,-0.04099226595357825,-0.04726729129341386,-0.1088261313827317,-0.2536219514944726,-0.23425289635727622,0.03159081300561089,0.04250586714956445,-0.08863292725265996,-0.26135251193204534,-0.198711361895808,-0.022159749185619814,-0.0180132451690683,-0.1211775447942547,-0.2953404828409117,-0.20821559011619561,283
2026-03-25,-0.039529796368916625,-0.0637035431841482,-0.05785374353331774,-0.1230422205549315,-0.0825363210653913,-0.06108035010403089,-0.09972016579014972,-0.10596108290587894,-0.15037518755368134,-0.12922894856961442,0.0419115751588108,-0.12171961074835298,-0.2019578066272726,-0.2941792684858916,-0.22598750214534577,-0.014811853189800524,-0.09652384535057436,-0.1526669734495608,-0.23273726303107176,-0.13634585960103904,284
2026-03-26,-0.04136875737825539,-0.030271446501980978,-0.12460540558326513,-0.15363179573623312,-0.1437011875255275,-0.11971799653249376,0.003630197055715065,-0.17475845114875482,-0.1665590544796154,-0.13483145473351596,-0.16324746837778487,-0.12288125819010894,-0.293268935185614,-0.393007065585626,-0.25573383576658815,-0.10786125559365921,-0.04773348863525397,-0.21461454565923171,-0.2791232611062282,-0.1644716186346217,283
2026-03-27,0.014437775168555118,0.00073166945829961,-0.16689259065752354,-0.18953605062969828,-0.17343287009460626,0.13729790377983503,0.08909281196276105,-0.1359260170064796,-0.1899532744982395,-0.14028147539170946,0.06396912738574075,-0.12196631094595363,-0.2001904257367711,-0.26243883876863805,-0.20710830625836177,0.0762905255119701,-0.05026977722876368,-0.20897302459266964,-0.2663027970894889,-0.1928349943216909,286
2026-03-30,0.053001819515483654,-0.04103295509650912,-0.14511748953932432,-0.1592536433994694,-0.1313467481612746,-0.052293603737352874,-0.27889949814725107,-0.2500631067882173,-0.1939228582702444,-0.15268639865120742,-0.1826144465079233,-0.18975982438061312,-0.19806850258622383,-0.33316438877324306,-0.20035066402267937,-0.0902325367195106,-0.21057054238584128,-0.24510114745788333,-0.2745846603611308,-0.14990092536289293,283
2026-03-31,-0.16552581038658912,-0.19166575295011612,-0.13488901959099098,-0.20377433175873005,-0.17445756490121586,-0.29079113387870337,-0.3387799436756829,-0.1375684963318366,-0.12893128147496513,-0.09487869478539433,-0.1116353174703814,-0.11127421639413285,-0.2661122895781842,-0.3359917804061359,-0.23550952251149582,-0.23476869441099815,-0.2222913903234006,-0.25524235923430333,-0.27692062536075335,-0.1919662841837611,283
2026-04-01,-0.017222274638598208,-0.15194725043005394,-0.0007777447472407672,-0.11626340926667908,-0.07983649605414676,-0.04345114380349052,-0.17258070608558174,0.12777450795577566,0.049484593205549945,0.06126767000566784,0.08229947615109783,-0.037393146091762974,-0.2654086082941888,-0.3590905575436654,-0.22998400767014862,0.049666844653607156,-0.14609297037251054,-0.1334631473896769,-0.23810126887577246,-0.1625339344629877,286
2026-04-02,-0.14892284172155384,-0.1107323815417289,-0.03471173904553388,-0.07937829416581128,-0.10381676988613213,-0.19554828471476401,-0.09455818504582476,0.08533970065571098,0.002199499340649018,-0.028509130251153435,-0.12208831352239106,-0.2001159284678593,-0.3181935983499947,-0.29752495171355353,-0.2454098977411308,-0.23773671425220244,-0.22157919231123907,-0.20679311374765758,-0.21627632128860144,-0.19761816041227784,286
2026-04-03,-0.10702451697242883,-0.04043131807930201,-0.1983249600759804,-0.10842862822951405,-0.08555033181885204,-0.01546050276900249,0.025584363061659704,-0.06257857419715436,-0.01741346515491763,0.05245773480610678,-0.11185566834073184,-0.15157979792500192,-0.24316455194870448,-0.21434779135059126,-0.21048233921873344,-0.1294144226659282,-0.08661508039581604,-0.21506866828237653,-0.1769943363752062,-0.15474806059294774,287
2026-04-06,-0.05689766964529535,-0.11444678904401788,-0.20682271679771766,-0.16842986339854038,-0.0783171968187232,-0.12365297378239179,-0.1699572434043917,-0.21841717372829955,-0.09052130938935414,0.055950739133838134,-0.11322891205460717,-0.1732695747467032,-0.20452914014378137,-0.14717896217551546,-0.12233776765020664,-0.09383534234406901,-0.17337136207218096,-0.23264957734271322,-0.16041164994516896,-0.09057926506229268,286
2026-04-07,-0.17531508069015572,-0.20582121137433554,-0.21799411751734907,-0.2181573561117078,-0.10244291090421899,-0.14695365297010224,-0.11481925957999202,-0.2431087829120109,-0.13074418186753814,0.03372890929235185,-0.12990768499879055,-0.10593197488119102,-0.1874029598741811,-0.12803669214004393,-0.0769178067184702,-0.17435439120583465,-0.16539469975984025,-0.2535333046635119,-0.19825558183467792,-0.07975481147632407,287
2026-04-08,-0.01767015376685514,-0.16365618897713025,-0.12968201441166727,-0.06559718564593382,0.04586011782419753,0.11506633991135913,-0.263555269271135,-0.06882902133368518,0.012094079024107297,0.19763500567175368,0.01413080687135603,-0.10598983086705158,-0.09127206412389659,-0.0656796537048475,0.042386470649874185,0.007862731872074143,-0.20821349176455103,-0.14391200799697862,-0.08926837401366615,0.07772733186869864,286
2026-04-09,-0.21819593083501373,-0.17191139364539293,-0.1695660634333122,-0.09505949891143042,0.02881047494434169,-0.5148646727299809,-0.3536761860439714,-0.243321762639037,-0.12941180093217533,0.06507663127795167,-0.16560026811562759,-0.12520013285954784,-0.053022685299122,-0.1321492942225565,-0.023214981594612306,-0.3266581091870993,-0.25627481161097243,-0.1730597203788168,-0.17103579457861243,-0.0036010479974083807,286
2026-04-10,0.07560738207502346,0.005547553777752266,-0.07344882849833304,0.041441511487257436,0.010797033560414164,0.1809601789985259,0.10467875012264696,-0.006442916629107369,0.11096917024127405,0.12206844336554265,0.0487915069688875,0.0033103254582464393,-0.04295449503188647,0.032211229236561736,0.003536552269910697,0.10499761748199808,0.0056313979148715585,-0.06532499595830982,0.039639587977306656,0.01997548686794209,287
2026-04-13,-0.0941331675291848,-0.11312609422337923,-0.10229978066068726,-0.010567952732052913,0.008676746893063851,-0.13452444544987974,-0.1824868434982614,-0.07001504048036682,-0.02495931043955989,0.03476296771695374,-0.036826024248099325,-0.052941595422495574,0.0013302009704982795,0.05536451332077325,-0.03018208170420766,-0.08707404814294491,-0.10415465303049147,-0.04340125054104468,0.00970508713177595,-0.02136297707984642,287
2026-04-14,-0.08641291480986343,-0.0047476432639879254,-0.049939869905540626,0.013573893100471222,0.004365646630230158,-0.1638353142818555,-0.0852315931234266,-0.0861619425426431,0.013499224605528949,-0.015946823110723676,-0.08919849785852317,-0.011309530645280749,-0.018891231636765326,0.0693325384717732,-0.051283180570238125,-0.12182205929183987,-0.024058391849218264,-0.05526202341376704,0.034401880236490795,-0.028677326648334767,287
2026-04-15,0.03284975451635376,-0.02460531885553003,0.03224087853270805,0.07145586846019897,-0.020286132698322593,0.020147020018729273,-0.09790437113870017,0.0028407360340264713,0.08685102378899824,-0.021867148096762695,0.06669495602348051,-0.0654399897502218,0.002297181409939793,0.043960140099953394,-0.10633015346862883,0.06701130910700373,-0.061082949428058794,0.012706405164349462,0.07395224380461292,-0.05152403146411612,287
2026-04-16,-0.13981895495729144,-0.02803650315659945,0.015453268100603781,0.03448934982540741,0.032197029353381645,-0.20867351977131235,-0.04420961324765668,0.028539228124003002,0.056596214240259346,-0.046602386784531165,-0.19810835003000027,-0.007237454915437404,-0.0020188868606031353,-0.0040648827869352545,-0.0581258044623851,-0.21281329333031349,-0.018256645682333535,0.006090473789788835,0.026719764563732762,-0.019710625039693702,287
2026-04-17,0.09432168174055562,0.09480376103996933,0.07921452707197785,0.08626553288133705,0.034571426892256875,0.09154244359922344,0.12257977392138533,0.11403002554952785,0.11894672528124388,0.06882964875862714,0.1519688460153938,0.1030191129404294,0.11867146217621305,0.0574513234222717,-0.06893942829031866,0.1483816617304513,0.11837320245564222,0.10623911835557025,0.07658364527711872,-0.0071415237205927065,288
2026-04-20,-0.03637105927559909,-0.017157513454901404,0.09439241204407162,0.08440939582848135,0.0050963787138951465,-0.007961597884777008,0.008495197914115177,0.18149473147756978,0.1458371962650867,0.06668236919789299,-0.10530993772408544,-0.05585762850831557,0.1481972625832237,0.09611065815740569,-0.05152491275198999,-0.05575226240141419,-0.03301076054060636,0.14722436201328587,0.11334105209515988,-0.006381098891243734,287
2026-04-21,-0.017950790542950297,0.0688643066143142,0.0752864386791781,0.10257559421463593,0.005276203040280076,0.02018140051317842,0.10847302060939465,0.10038916531280834,0.16169043504410932,0.08372537872651298,-0.0009402602216059073,0.0749786204082799,0.10326901117919542,0.15366512602728083,-0.02902733244653806,-0.0028280029764068664,0.07707602202082509,0.11457919717370502,0.1706173221139435,0.004844199867685092,286
2026-04-22,0.10563191220859625,0.105017340678562,0.10871981427780086,0.13789472785821152,0.07427433601572934,0.07671440133452825,0.042998903867123205,0.05856518979079411,0.1357213443365535,0.10403471123254907,0.01195444436210316,0.08212638617190417,0.0817065655256973,0.10991717342125651,-0.015585597820175325,0.047888633327128324,0.08246968212894197,0.11306099019656352,0.15210476697974792,0.05540218303094011,287
2026-04-23,0.0016675457456825221,0.11883471694242766,0.06430323601538439,0.08610483305648439,0.007898888874568428,-0.09072339045800804,0.12944728431982047,0.025408189366142045,0.09926825821048621,0.02968285880168538,0.03949269672669218,0.19970245128288586,0.0278625840234809,0.12161886879317964,-0.003987852552214295,-0.01645443880679922,0.16442964712538552,0.0679052365000423,0.13670630730622851,0.01771712449800635,287
2026-04-24,0.12944782804156618,0.017897890670160226,-0.0083860504884579,0.01548941613012493,-0.026816534347458617,0.15183755661929374,0.06553906138452267,0.02801701480446928,0.035748900338215324,-0.013985640914982653,0.16141836739354862,0.07356014479942216,0.03436923530248055,-0.021245040213957414,-0.021249424644783705,0.17378701253011644,0.06689347012749264,0.03383248168468492,0.016071088992462762,-0.0265239076541763,286
2026-04-28,-0.1735806958452826,-0.09491379161820818,-0.07126954205704386,-0.03252340127884215,-0.04615735931691755,-0.1887657018753622,-0.16557586742829883,-0.0921961019268865,-0.042545387888115106,-0.08014792433750192,-0.16122770144751158,-0.12370775903513223,-0.014934331435229434,-0.03548563726309744,-0.08514085388427017,-0.18580117230823137,-0.11128873942269334,-0.04585116398610817,-0.0340868205848611,-0.08071063575893152,287
2026-04-29,0.022439705654378545,0.07145152993826372,0.04527879631059458,0.029069446259389703,-0.044006145256740334,-0.08787624611979938,-0.018932032053714232,0.04690858492008455,0.017532768984094123,-0.04605962064978611,-0.0244889193318295,0.008967155669008246,0.10748774901476799,-0.000987176498807841,-0.035700808446624786,0.002814516365581298,0.060794365379612636,0.08934624055568233,0.03626667682087433,-0.03354506917704486,287
2026-05-04,-0.0349190880947051,-0.07418332497462811,-0.0267384834841989,-0.01572943907975898,-0.07626998554403715,0.02195642280407354,0.07335498701022816,0.07093843181115894,0.04269653176510929,-0.027418248257399257,-0.0586959483075746,-0.01152593539499478,0.05668297775265079,-0.028053080852537188,-0.047940591588587024,-0.0108942302561547,-0.017767143749293668,0.018837178204968923,-0.00246963451411712,-0.06043515661609893,261
2026-05-05,-0.05619259619413773,-0.04128899655120153,0.10468595877466352,-0.09279657450956573,-0.06463853567808554,-0.046284121762267726,0.008035585713956222,0.14044694372272074,-0.0037442743314660925,-0.047542971921801395,0.03985012716163543,0.09477435122837691,0.18410682170550974,-0.02848687384358752,-0.010936580702799428,-0.021155696152806328,0.024273848716260954,0.15292561857407558,-0.042917921931488856,-0.0429773212465455,261
2026-05-06,0.009002125602874729,0.011095949081866032,0.07724315487813252,-0.03762822118922725,-0.05555012909480999,0.016596250448054285,0.07397268966077852,0.13850318778961454,0.026125211445192226,-0.019496146228753158,0.10415424790505336,0.12120371714630139,0.015277230060619052,-0.09447069978526233,-0.06050404485191015,0.06431840982106764,0.0923218186121565,0.08101452697606955,-0.039421864449663536,-0.03163740833035868,261
2026-05-07,0.09594562384890766,0.04698855527232759,0.10940573127389494,-0.04048586832929564,-0.03905984153117732,0.14491055701085395,0.044993745401811905,0.10385988248064157,0.020499446207555446,0.05722493053655134,0.13319713812268086,0.00876845458599386,0.01672039818298812,-0.10888579369894025,-0.07958570295625543,0.1336749102883092,0.021330608197331898,0.08065664730365028,-0.0550978299835827,-0.028593398053305272,261
2026-05-08,0.05741427995834297,0.17942293383086164,0.04897119784004623,0.007590458231534154,0.00572531115751442,0.01052249809064427,0.12292176554244226,-0.008771239142879602,-0.010497160522573578,-0.009708033433953586,-0.0746256837390704,0.1268642364816362,-0.05723461244926869,-0.11768862040102278,-0.07956975648426808,-0.020186398259612926,0.16777477785281322,-0.010374411727669303,-0.04893470368703923,-0.032309153298337764,262
2026-05-11,0.13726836372434037,-0.011817865999257101,0.028535470020330706,-0.022575956376692477,-0.002694122238797336,0.13267070395184372,-0.060291017824624565,-0.028263655829992334,-0.05368323007620594,-0.04032283238858074,0.18400826002074414,-0.006180409416223408,-0.06265081801855808,-0.09640481251071266,-0.021924044958517835,0.20584489653568977,0.00732723051190769,-0.0039841477947705475,-0.05427651562283873,-0.016078174695477693,261
2026-05-12,-0.17871408851671614,-0.11443474056085566,-0.15169121136220906,-0.12697727297563227,-0.06976007084098913,-0.19507924293682735,-0.14551257736452647,-0.18223313982606887,-0.15807661845691948,-0.12478678138239298,-0.18463627996633394,-0.18058206155887585,-0.25091776211932587,-0.23252683075417424,-0.11152221243911722,-0.19605745963127622,-0.16375284688544603,-0.20506764194640142,-0.18782340712640527,-0.11317675450109253,261
2026-05-13,4.40007895356996e-05,0.0046802157239681464,-0.016187569424151782,-0.11486185108141113,-0.09031260125677056,-0.11170130053746714,0.046126568804419434,0.0627447765510793,-0.10725546623294371,-0.11218555484052836,0.009426012140823855,-0.0287950414411631,-0.1191417525250016,-0.11063275565969645,-0.028863156959597,-0.023599547638703946,0.00018500592625940018,-0.04467378141659557,-0.12078832086831663,-0.06765266052852159,261
2026-05-14,-0.04568278634602517,0.09951752641623253,-0.0577959627923788,-0.07409361420178169,-0.0453319249242485,0.07046991406694071,0.17896446052762705,0.008689869072811086,-0.08637555003138665,-0.09491937373598652,-0.02322537040390917,-0.04029319940999053,-0.0564786529927307,-0.08902795188006267,-0.033295781281138886,-0.01935137628449114,0.05113149715940094,-0.04703977637335999,-0.09500041594901049,-0.06412507112940466,261
2026-05-15,0.13716670052130703,0.027063134077562997,-0.1454758220609332,-0.12391697048015021,-0.08698553678868778,0.1656338994614279,-0.043271282573536546,-0.15944308779554253,-0.13094177667802537,-0.17366443978134938,-0.050969195744287786,-0.15854400866398116,-0.13142524701785338,-0.1365331944713908,-0.08121174901712082,0.06476422474797427,-0.05268005013091773,-0.15718887169725224,-0.15001337235904463,-0.1052351821752952,261
2026-05-18,-0.1840366419355602,-0.20510653628912118,-0.2754340589980181,-0.23202016515329638,-0.2069790918178195,-0.26584707662971463,-0.2210138552141092,-0.2983874037423379,-0.2732668731395079,-0.24264191928580603,-0.13206448353553743,-0.06382067075079738,-0.09175992797770209,-0.10439912288384087,-0.09372518250608995,-0.18658066967965106,-0.15935276654171912,-0.22602838749836188,-0.20221508962335463,-0.17460539357998642,260
2026-05-19,0.0005770206406878395,-0.09576703837315985,-0.14007078287696983,-0.15330301807670166,-0.1389294976608812,0.08846876840918513,-0.050476344112475965,-0.1277130692269196,-0.17187984071201226,-0.12845375916169752,0.024767986002514276,0.026506726521772855,-0.087848287787697,-0.09150521432748071,-0.10157193309092198,0.01959173030149251,-0.06944641619614542,-0.14777282801044236,-0.1502190910647025,-0.13153882603161285,260
2026-05-20,-0.08734295717347033,-0.20121968559653966,-0.15413740504610257,-0.1703405681393563,-0.17451850679168077,-0.17596585866625303,-0.28139275031050753,-0.2724711448921809,-0.20110540606708582,-0.2271757533931852,-0.029937671892506592,-0.14616538376849242,-0.098664410916406,-0.11252980838260197,-0.14073570208932304,-0.10704194341561445,-0.21959496431951436,-0.19796412357757295,-0.1812755014739366,-0.18086133079028632,260
2026-05-21,-0.30567856305846575,-0.2108617577262212,-0.201601360478866,-0.0826258111855943,-0.13756180386447617,-0.27316614868162353,-0.2638962502946842,-0.23983922312806116,-0.12187259592147011,-0.1766719225306629,-0.1801763643292458,-0.07645609837561188,-0.09456803295780064,-0.0758126235570974,-0.09417693871832324,-0.2630742098265752,-0.20723921501508163,-0.19913943652709948,-0.09097105311908431,-0.11650379822194142,260
2026-05-22,0.10751624644528036,0.03312323369972538,0.08460570870233326,0.12365734934001936,0.03603418348333252,-0.035470488634003844,-0.04994170696590056,-0.05448281332733496,0.012774855168991666,-0.008342839345490856,0.09109369242382542,0.03910188625513861,-0.00010517086129602976,0.03655540964147673,-0.009048182737099448,0.061034844326674186,0.004805650921385058,-0.001734317350291479,0.06442287669091568,0.018439757468799653,261
2026-05-25,-0.023960170692399373,-0.052102827210388884,-0.0098145814663328,0.06276951285782406,0.04844896122536247,0.04206969011122578,-0.03879720649890811,-0.027657697938255517,0.02699191976931919,0.10658494749372466,-0.00828172975433629,-0.05506069963046768,-0.07011937569222491,0.0033868229217611985,0.0380789420449827,-0.016675913285533413,-0.07675568190215117,-0.04044180372533876,0.041945250780572055,0.08745726482937499,260
2026-05-26,-0.031225800301804205,-0.024702356542612717,-0.05784277169437673,-0.02516094606390034,0.06948959101022029,-0.10646873310948421,-0.09914552843526514,-0.12382369965663313,-0.0758330115160022,0.12487893803454866,-0.12699549317461561,-0.09574178945337272,-0.09015574759045279,-0.040226180378931206,0.038784258237779125,-0.09755997629475678,-0.08955224291861935,-0.0857314527681504,-0.04263016552768787,0.10281177830099793,260
2026-05-27,-0.05455251529734952,-0.11252675822539508,-0.025520304744108317,0.006088475949958349,0.12336006975652283,-0.08261971595123443,-0.1773483284110344,-0.09360541533636504,-0.050012520475945,0.16099185147431422,-0.03309565620419191,-0.022403700084962695,-0.016467273694288707,0.05706121379072208,0.10190209505147045,-0.07726165933887748,-0.10542240999462146,-0.046025917660412044,0.009998953645603345,0.15683580904723196,260
2026-05-28,-0.11744016581569301,-0.11756335529216719,0.04371111261780331,0.06111678633620087,0.12332107835247882,-0.07695114883680995,-0.11695248294826624,0.0006455891440209782,-0.039837215372875365,0.1532357106567117,0.0021916371582052186,-0.053967149693269434,0.037313475354703814,0.05898775824572389,0.08146967526273212,-0.057691911579900265,-0.10505283867394148,0.03958031592388795,0.048405584554447115,0.15654643142813676,260
2026-05-29,-0.09381601168168081,0.0492948611452648,0.11077886745793081,0.0712521987188442,0.15957112988549205,-0.15702916513171572,-0.0471109953212419,0.061437781933442286,-0.06597974545062885,0.09928657458497721,-0.06721275234550796,0.006424592990609364,0.06274339269891328,-0.019776584810957832,0.09246866723648442,-0.12667196900858765,0.020198053437865925,0.09240909203040716,0.02262614933912272,0.17488652379472772,262
2026-06-01,0.028033628767355885,0.03560607740109797,0.01761991626794563,0.06619683725039682,0.08972699577362768,0.00558620583372821,0.038695630841923206,0.020785195183223165,-0.028182688853775555,0.03482140688768569,0.03321679434685883,-0.006665771346596949,0.04247151754069494,0.050440484976414214,0.11112350680075182,0.04609659766935678,0.02773198540043511,0.03938452070582987,0.06345088891709914,0.13273207973570875,249
2026-06-02,-0.070117927808397,-0.12852601185043006,-0.004054870912792127,-0.061702839851985186,0.04938967066854335,-0.05552713364311413,-0.06051292392274521,0.010461871696556978,-0.15433160682988856,-0.01850196465688908,-0.040420717505087723,0.008335738411906815,0.08738711951517177,-0.011314303531338398,0.1238670905176063,-0.0809605752122758,-0.07098011674071847,0.06680540191134383,-0.03292488974613406,0.09321018123658728,249
2026-06-03,-0.05428544098413313,0.016938577814665737,0.029282287021003887,-0.01869215321106201,0.08964528978096734,0.016282369506242695,0.02172798769135265,-0.01746959800582314,-0.0779399259176304,-0.008963878066568608,0.03442431910966383,0.08661957609607403,0.08654611290835794,-0.005993942169839454,0.1232594873983151,0.013527364860509997,0.08108461497094913,0.06797891430660014,0.00847857483889729,0.11168197665517496,249
2026-06-04,-0.05156237507542387,-0.012035209835656436,0.10657968086272572,0.037433819477944566,0.1114038032278723,-0.09607719271030964,-0.0976709324519939,-0.011250146013116868,-0.06290731166817365,0.02610395253509102,0.0023929417242848903,0.0020407236996009917,0.1682924068936764,0.036171827010414014,0.12312023946565992,-0.031622960821724104,-0.03265557099780584,0.13046476979737087,0.04488759134629355,0.1110295369369046,249
2026-06-05,0.0085929874264243,0.0698817161644935,0.08655189244934769,0.006034327462465874,0.09677078193559151,-0.08982264610529926,-0.01867676835721076,-0.09245405642465175,-0.09802230385707714,0.07181129892634766,-0.02458548273937963,0.11323307856213426,0.06671916756440818,0.009241691304304307,0.17282067445639754,-0.031145226614393923,0.08214067995075003,0.031486492480428556,-0.024518824608690405,0.13331742441433655,250
2026-06-08,0.11745718965965668,0.0978458651225193,-0.03859304551532109,0.021723679537222318,0.0412713101863435,0.03150253737161882,0.005855272719610244,-0.08560500623631062,0.021856360349662214,0.05425883274870024,0.15034982410148243,0.15067360851391423,0.056553636267303316,0.10720358967597556,0.1659833943996648,0.14062338589929485,0.12104370662385666,-0.020798637523858052,0.07857197139109194,0.09916081807266564,249
2026-06-09,-0.03332217961588527,-0.041362447596441185,-0.21690828935046955,-0.037950651425853334,0.03144443041436613,-0.018468274243927513,-0.07128515123172292,-0.20527853476659216,-0.02269657199640558,0.10867992021765208,0.00960721807120649,0.051558813250231234,-0.10141439548934428,0.018491826085566643,0.15745320027426987,-0.012133749155690585,-0.02498736563761709,-0.20180529832601105,-0.002910384983458943,0.11382800439656879,249
2026-06-10,-0.0777335298366126,-0.09725063193772791,-0.2281490814799705,-0.061557916947940244,0.045539043898290776,-0.05367005321929196,-0.12411680104612431,-0.16710802710714473,-0.07354025607823045,0.10083915711573252,0.04440612126503577,-0.024058870081519457,-0.12458881065801723,0.028302954295737936,0.18760345059035416,-0.030080496548637255,-0.08490143556503556,-0.19243220689856527,-0.002788554590025187,0.12428728582626626,249
2026-06-11,0.008904559788048775,-0.09928205689073635,-0.11350117474476332,-0.009685489017279374,0.08335725340382394,-0.0873425987531279,-0.12299458081032669,-0.16141081316377726,-0.07518939316220709,0.07865539948779121,-0.09840226680492759,-0.05724425188425914,-0.13314694708436778,-0.006661097249544443,0.1598817960589861,-0.05739045268831809,-0.10159044018433458,-0.1276001525887936,-0.009534027801280615,0.12893061779887754,249
2026-06-12,-0.1567242752575672,-0.21822564541569384,-0.13311577011750372,0.003789419782693483,0.06485615933904076,-0.04057729897942239,-0.11359489175362514,-0.10972435418721158,0.026948470194963606,0.13365526998891383,0.059285401594151035,-0.0983148099094552,-0.028167709272719006,0.10474130468680687,0.18659856705266822,-0.0850202739406877,-0.187465058618403,-0.12953229777932104,0.03486123016556442,0.13586516750050026,250
2026-06-15,-0.1133667197903531,-0.12490678345890072,-0.08491812090940651,0.03179970443585015,0.012386621111451128,0.009386518849399512,-0.07025592481637657,-0.02141587653217368,0.08927342985594203,0.10978322527155514,-0.18537994985274492,-0.20934204041219345,-0.08295340593789541,0.04370231930586672,0.13380900633622975,-0.12087142738302838,-0.15727073965769686,-0.07633640350484878,0.0334322086365758,0.07533743585973512,249
2026-06-16,0.013079610502048403,-0.09608877787552514,-0.021707479490637897,0.058662066351551134,0.023499407854711267,-0.08866253947407424,-0.20430399274719696,-0.0864603215709851,0.028445497798522516,0.05709102208267128,-0.06404128107707167,-0.05656233038504445,0.013021442809785972,0.10793542039929309,0.20136253684487745,-0.06902597161301242,-0.12954713481272678,-0.024043703990571853,0.053057660740894144,0.10789637685098166,249
2026-06-17,-0.21454149126402028,-0.1358971813133193,-0.043100470137513704,0.09404368073448659,0.0175241943294393,-0.3237173974479641,-0.24489681535623753,-0.09448570709844427,0.050734915895576514,-0.04059522248018407,-0.05565485631845921,-0.004996876568117374,0.05917701047390166,0.16517356859053842,0.17674358446599228,-0.1966510862559975,-0.14817396082020576,-0.022399744433373538,0.0989016050082668,0.05742118840520737,249
2026-06-18,0.0676665394096335,0.15236514094819076,0.11694179710472868,0.23435304742927768,0.09800884184981778,0.034824071488503146,0.18599521439257044,0.12380241505616846,0.23185065048843975,0.06609106001167125,0.06184761388110254,0.18004809936719773,0.11279001265074934,0.23491304634329738,0.20983466087412161,0.024565709201875317,0.17471809946435304,0.12692608085785625,0.23808391157106318,0.13828900983330294,249
2026-06-19,0.09021315201004844,0.017686835238230857,0.08152409084806946,0.2780140790303761,0.15714037662993452,0.144106991222265,0.08043297072242828,0.11564139694584458,0.22833997993139965,0.14748595058705177,0.10483180890201518,0.06155725539759166,0.15069796730895557,0.2763656995117315,0.23252535172816496,0.1428269081000572,0.07245803572242245,0.12017599225128457,0.29509215295563074,0.208003162117551,250
2026-06-22,-0.055425826566996614,0.049637511281569964,0.10337535135267861,0.2187403190855246,0.13136154629069385,-0.015321623957384973,0.05269264192615818,0.07973989398698209,0.14679506121788496,0.1354808559617401,0.025786645080667487,0.09911387251108736,0.1766679500956933,0.25575968348703154,0.1778970496376396,-0.02155071997684639,0.04999812288504039,0.10899867828644517,0.22426409129248878,0.14876738851740426,248
2026-06-23,0.12691577197322987,0.16202948715268117,0.19268529339959897,0.33978564094535,0.2390199336274798,0.12303794520932704,0.16888496729916666,0.20762409949580224,0.35593985443447257,0.23425517510787827,0.14687575741369455,0.1833348445037703,0.21073725246893124,0.344304081219551,0.24631973946516048,0.15378107940946706,0.20114163013522257,0.20551380576554373,0.3652043824591164,0.24642021367214076,248
2026-06-24,0.07386799859673328,0.0720456400968963,0.0721449506386439,0.2537211862172703,0.20350334673697335,0.12606933059127212,0.1337160611629956,0.10595490149156991,0.26043424597704895,0.22306220338514143,0.0692777726608818,0.10476582084921762,0.13372713740071976,0.2925139006576663,0.24568850447647864,0.09967183389360885,0.0995102767269731,0.08921422613420342,0.280235493946206,0.19977455828725715,248
2026-06-25,-0.04512195530781113,-0.1031323662907709,0.032241908338609994,0.14705640332995393,0.1955947878057308,0.002844889398862702,-0.07801924631539202,0.02155159863207782,0.13459776571175072,0.17673362719600863,0.0824975424787871,0.016802085408250653,0.15697851099901652,0.21424618389239114,0.1687355914950371,-0.008868179798087997,-0.08068922920187166,0.07124325320104943,0.1897262184843011,0.18985732181384712,248
2026-06-26,-0.1039253378836425,-0.04546079776498739,0.14723524747808972,0.08132223084560403,0.18976637748964215,-0.09811578301274457,-0.10922155272186554,0.10248111660623169,0.042799415769663215,0.19095383886809317,-0.0612176369167416,-0.01866377540669979,0.15283947428935904,0.09584845486253392,0.152805718643682,-0.11564889880651034,-0.07439682176058769,0.15588959402187835,0.09115344672131125,0.17366863917029537,249
2026-06-29,0.0421227480596842,0.10788810619981809,0.1595742436035609,0.06104719244835649,0.16902479886212018,-0.04168297059224597,0.028230791324524634,0.09050567819446446,-0.03891895804512083,0.09170763637625266,0.05861539162360477,0.11729390702846824,0.23073230059044603,0.11511474059014057,0.14299858204595148,0.03319308355952697,0.10498567778319093,0.21765681127983363,0.08073237001293915,0.16027633606889288,248
2026-06-30,0.015813103842539002,0.08990178902413616,0.1750915048169448,0.03844719237974887,0.13730910682562064,0.044427846712500975,0.07147470321860872,0.18368483797845664,-0.030558034937168913,0.06802893957965858,0.07646191433047556,0.19592394887575348,0.25364030979281965,0.09844795135804134,0.12487048898939421,0.06167471097065503,0.1551042798046438,0.24152559914886904,0.05357343059465198,0.12464144156618638,248
2026-07-01,0.03175231983975812,0.08646832126325606,0.1738867460993928,0.018426373846655505,0.08010348222948784,0.023909854569864192,0.1283677918927959,0.14989001245422606,-0.021195786277604874,0.03963875201693337,0.14337594393992514,0.23129489038151244,0.2783190553191384,0.1320503961092744,0.19100613360528224,0.0859961956524865,0.161921346459205,0.2421589343508831,0.05391222937559034,0.1236580969918793,240
2026-07-02,0.0866870624471882,0.13449294249871396,0.20097451761386315,0.06484983689323344,0.060388540148228115,0.13720235018424884,0.0756169411372712,0.128572316540091,-0.018837813312262298,0.005042288049168266,0.1455309795895858,0.15388740257342257,0.22974558219690805,0.1387435886970881,0.12811791229399191,0.12430807933560564,0.12913535596374937,0.21713408796346115,0.08060403084720288,0.0837333592821967,241
2026-07-03,0.06691750122658645,0.26958414513427603,-0.025515008654583872,0.03257174409350938,0.09600756776671986,-0.00456733564143963,0.2401605912520918,-0.0865020873588941,-0.0024746278842117993,0.07395427271278716,0.0022608341257854742,0.2297149499272121,-0.0332145312899222,0.10518374770279246,0.11310018363709388,0.044654772832261845,0.28863598265249796,-0.03536136162825637,0.07022490693900611,0.11263960248211825,241
2026-07-06,0.17990630648442,0.06305253964631222,-0.05944867103570624,0.1250443984637881,0.10098253103910616,0.1275244684266169,0.031124412875772483,-0.07900215833279621,0.1256139971868363,0.10376545865169992,0.24401551495565196,0.14744356380980947,-0.01776224550208075,0.17509396304963717,0.09290291059508085,0.19105088080052243,0.0951713684075279,-0.0466582505921982,0.1686481324087952,0.12678639439350212,241
2026-07-07,-0.15073378719555455,-0.15702625998128955,-0.1968061239585313,0.07864657312741576,0.04734379548597889,-0.22567971454997585,-0.22006543317402455,-0.2614501662189444,0.07729643581581921,0.04151659251291451,-0.12719243791817708,-0.11115686087248713,-0.17711103658937352,0.11300354604450644,0.029186387831931452,-0.16289269943435702,-0.1466461017983501,-0.21223067155942757,0.10064572656255417,0.057679056460334215,241
2026-07-08,-0.029994144879404598,-0.1397468400771539,-0.13204528956787057,0.05662299958377434,-0.02163978394455221,-0.06266241865391634,-0.18275543786468426,-0.12089638725956914,0.08197201597085366,-0.0025694901688791153,0.00029356326980898916,-0.17953274513324818,-0.1396324499678727,0.09486889335767217,0.039149532119427344,-0.019438402280747318,-0.1633338825407162,-0.13977642407008395,0.08960844321320884,0.011837884267906924,240
2026-07-09,-0.1321879886024161,-0.07320793836271001,0.04697265656821322,0.11021386412854908,0.03491957919725847,-0.12434919772525573,-0.054454622012633694,0.14138195046509885,0.12704846252601265,0.0622144712650775,-0.19251609680515216,-0.14079319519856365,0.09213397861532957,0.16934261228763986,0.0876022804040958,-0.13649202309974137,-0.09512505522530436,0.09819544947280338,0.1461885790879019,0.05670041131317427,239
2026-07-10,0.02650084063471931,-0.015507690580073705,0.21181042730189267,0.24021667163975777,0.1262028426333868,0.11641094611563302,0.057577383707958785,0.23129000098743152,0.22848888677558266,0.10568831773471668,-0.03729756127131323,-0.07842696638303945,0.16925199636320204,0.21018671637142108,0.04294143476990905,0.009227756667883441,-0.03745775329911433,0.22045824766457067,0.2351511709657822,0.0788403054435428,238
2026-07-13,-0.09958708717103458,0.02978444772888599,0.17642136677789166,0.15221363520532377,-0.0133215370157692,-0.08271417038772425,0.08018286307527077,0.21395340668844584,0.21548086812889128,0.02539667610931847,-0.047293998072080845,0.07662786789773171,0.2541510753422113,0.22579421954889473,0.06732693649547183,-0.06332876482079845,0.07567153029522185,0.22617598785609305,0.20069794222095133,-0.000363041975430439,239
2026-07-14,0.11527291989444723,0.1810736730229565,0.09814650007521662,0.14709984420869854,-0.006241242047495339,0.08873746912212513,0.16550068480214083,0.10028568290070741,0.20746729123957688,0.040003516100609565,0.10362921567739705,0.27526836834284213,0.20118975816340842,0.2081367776797317,0.06956375074147532,0.11404068463835511,0.23792904712977947,0.14404746732380608,0.19120416284955802,0.009619162730206562,239
2026-07-15,0.09954563040392699,0.15205303083167515,0.08148789378845164,0.05067625692268556,-0.1129821383699983,0.1282196468289612,0.13915809376183277,0.14693611415770033,0.1570646420653581,-0.058623466799758835,0.19982398488260836,0.19293536937917588,0.22266956282302922,0.19820269987915984,0.05238831133556257,0.162283021696409,0.20676378321712596,0.16066218033171636,0.11693871333815323,-0.0784499174854215,238
2026-07-16,0.12636766513365807,0.18100188352252242,0.0963401857831017,0.07397359133903836,-0.04635660571361347,0.09118615178670783,0.19110197404434132,0.11363896072406142,0.10641177162785172,-0.0013748267836346793,0.09721392809536368,0.17743182200480248,0.15893723924725647,0.07969064280305907,0.004057194725639248,0.13317586883271149,0.2156746703703684,0.12729884198683922,0.07594197880522231,-0.045210393228103184,239
2026-07-17,0.20604140520019323,0.09934412676978176,0.0797108052698113,0.023450969932686375,-0.04084464608005704,0.3442471249248362,0.22323045183393067,0.2486020237808814,0.10167611926158268,0.02516559726224014,0.20263930814937492,0.12885688094726375,0.17829087696233403,0.08420141384801962,0.028401613901856134,0.24520827044121463,0.11347270543527503,0.12767434093260963,0.023222695949199894,-0.04230218319354656,240
2026-07-20,-0.07000136073525473,-0.0028135488585990867,0.2026239333154727,-0.10262117422517116,-0.08947164749261038,-0.0859738133595178,0.07339646057977234,0.3190863752317455,-0.17866414696328622,-0.15794060519166445,-0.04694779598351856,0.03724318717975157,0.2079470369008943,-0.046497937851484906,-0.08762458752383318,-0.101651357041588,0.015656368447777253,0.22830827692773034,-0.15691740189751288,-0.15568602362865266,238
2026-07-21,0.051355972518849616,-0.12643795662372326,0.06497024151745362,-0.11107236595444976,-0.06839478947446166,0.1802463870639121,-0.0717137296672913,0.16092078313390135,-0.2309874012351914,-0.10811240278000422,0.07118938560048689,-0.024363045094913376,0.12926413230780986,-0.10726438686342546,-0.06596662379949915,0.09218622784492404,-0.10522283405523865,0.10430231451451101,-0.16767276240281986,-0.08460041764686772,239
2026-07-22,-0.14169866838629228,-0.06835269074577949,0.003686244546490921,-0.10352622593995475,-0.05921438628700202,-0.23146109331910594,-0.11591064862998537,-0.05007818275008054,-0.3235240501176612,-0.2008917319053008,-0.06105948232935426,0.014217192688442641,0.036730212349279624,-0.11405107012828544,-0.07487503415237527,-0.14964582668193166,-0.07437083278580706,-0.04143109666776544,-0.1968349870296478,-0.113322774741039,240
2026-07-23,0.03269664153336131,0.1286746043765298,-0.14976124026446944,-0.13605538243044024,-0.1266831963572979,0.09011088974509081,0.2407746341799814,-0.12154175852421284,-0.20416779664233503,-0.12062803664696502,0.07260158319294036,0.21142506799042568,-0.03575259885661885,-0.11477216526740663,-0.049885492237331304,0.09071416051613859,0.2205724407518002,-0.13252050654559694,-0.176171436063775,-0.126380785631273,241
2026-07-24,0.08146975698629454,0.03212506197971767,-0.05137293419058552,-0.10691655827979618,-0.08201039052572263,0.15320093122592354,0.06063554885708983,-0.06216861149479837,-0.21210372507261815,-0.15761380391069094,0.17494518058916178,0.07906400873883748,-0.08586011767429767,-0.17989922618845433,-0.11027214161589868,0.16232930420831937,0.04990650193569391,-0.11726687652811411,-0.2011484016651117,-0.14569847002330805,240
2026-07-27,-0.08459280796544513,-0.13777163812443993,-0.13890069758463178,-0.16305927387238733,-0.16558963260428275,-0.2708203155928758,-0.2389293392710522,-0.3858550096621038,-0.3535771439243038,-0.2827717816732519,-0.04829861676311997,-0.10969610609631117,-0.1451676436835609,-0.2520228095408772,-0.18476545966817112,-0.18875593441433094,-0.2284699452866893,-0.26783787086087274,-0.29835625559569845,-0.2554357213410217,240
2026-07-28,-0.04313958997760091,-0.08051095038022851,-0.06848722670992508,-0.10908928321552913,-0.07522527936436324,0.027666654854366347,-0.1677110585475757,-0.23005521655347713,-0.2267961140598772,-0.18780078148550586,-0.12420156111679957,-0.16631083067040495,-0.19216382738071291,-0.24587715818150738,-0.18886449780425923,-0.06430235884250994,-0.18332690595568332,-0.1757497354131196,-0.23706045959117866,-0.16431821199324861,240
2026-07-29,-0.0421394124834755,0.0026407179641641,-0.0182760596098868,-0.11206832809891314,0.0036375645115419224,-0.24506113918147446,-0.22082979489233634,-0.2049577048783818,-0.2636199312651956,-0.15812495705952248,-0.13429838114957796,-0.1022887191982536,-0.10210799711031816,-0.23647940890206431,-0.11570209541914021,-0.13604518610255553,-0.11014012554236254,-0.10721033505041146,-0.24104763578828647,-0.09451253962053484,240
2026-07-30,0.03766746730066281,-0.023018813958988603,0.007997546820521804,-0.010782057169049314,0.01991252972365064,-0.05580356052281827,-0.2054521650616535,-0.1376012957188803,-0.08347994229346317,0.023871228190525895,-0.008450554137697604,-0.12393156284359176,-0.11522121767982334,-0.14634694403394288,-0.07059110552408908,0.0036540681679974366,-0.10464333968382297,-0.10352624136749122,-0.10183163099926391,-0.014159326264172154,240
2026-07-31,-0.0803877227011328,0.025087544049212603,0.04204125465955389,-0.075192836320118,-0.005963123139658236,-0.1750786579912331,-0.15084539194792015,-0.05618641110248485,-0.12118360748168162,-0.01179556053500108,-0.12451599821442082,-0.08035107628147044,-0.1239153926885145,-0.138322547180587,-0.023169562604674697,-0.1265327083765178,-0.06694702090323378,-0.06837103461419533,-0.1708371409058495,-0.05976871321272697,239
2026-08-03,-0.020373155887886223,-0.004638380913004346,0.049305264141414874,0.046602149621299646,-0.009785773055342046,-0.120032404576645,-0.05129501694717795,-0.02953182199609559,-0.08858943859231393,-0.009922503566272231,-0.04141667090533553,-0.03753979138136316,-0.14276282096089352,-0.12360998772921487,-0.03266738289606719,-0.07071269730535754,-0.037989206436509514,-0.06334694037719411,-0.10647493223708974,-0.06456498591733013,232
2026-08-04,0.09753151208217949,0.023086020337041227,-0.018514942215248752,0.015668048897532174,0.015243719976550487,0.008944042868077927,-0.0885138546318218,-0.04137507526768216,-0.0016937730416223629,0.0042683152431902995,0.03776476621537291,-0.0071986075476548825,-0.12313287605885584,-0.09162601677351767,0.005755789593218095,0.03677556226682606,-0.029428047746485837,-0.12087494837526268,-0.05096983522358405,0.014963849296795262,232
2026-08-05,-0.05490171366647153,-0.07285429385057093,-0.03916650121467249,0.04911132038823287,0.05870638418785981,-0.18386626642324752,-0.051425958822211175,-0.10105181656553869,-0.029873724642036917,-0.020118257045889522,-0.030777541869590943,-0.0900280740708694,-0.21370771389354165,-0.025557118136558213,0.033574204915392064,-0.12308195504493655,-0.052664124731207844,-0.20933006388496767,-0.03054163214316174,0.01580572612834054,232
2026-08-06,-0.00306165295272946,0.020869758457355763,-0.019816399801250693,0.058248309115980806,0.04607001757017346,0.0007759030170171808,-0.022336380233763716,-0.09410504039994408,-0.043398897252618376,-0.02292792049262729,-0.06617126436945703,-0.20673734270377667,-0.15067650650609557,0.00523037332045869,0.05122783495832388,-0.025955712859960907,-0.08211305936461923,-0.13235138562446555,-0.0122130553588002,-0.00500860461109011,233
2026-08-07,0.008442332329542454,0.04174033711373341,-0.011141643262768173,0.0912665074833291,0.003508043320870696,-0.14288907253857805,-0.20742708810644786,-0.1406214683337527,0.0012973524762518443,-0.0006787969404761472,-0.22604997176648953,-0.15359278308107424,-0.15288924043354027,-0.015937793812870672,0.10598824258751252,-0.17911611572269867,-0.21385140736805822,-0.16226728982294236,-0.005058963129515875,0.03840586602770878,233
2026-08-10,-0.02409000740978606,-0.03180201606126325,-0.00974944555292638,0.07528221360472886,0.03716039909440988,-0.22205847230325285,-0.2102564804146913,-0.035886444951219613,0.006614945865938588,0.09922955835993712,0.01870315473285682,-0.14068382501301724,0.01285328569369845,-0.014730034935633402,0.15195897235494357,-0.14534685624746568,-0.19942800622712492,-0.023589509618295704,0.03526353351532059,0.13458126876595566,232
2026-08-11,-0.05007882727900402,0.015253332382580984,0.050543336775843,0.056989482343046606,0.09199499099795232,-0.08511511280412683,0.017927910817332117,0.0635016111577039,0.02329621081048763,0.10582630239065141,-0.18736530168626211,0.04253457468066946,0.08125079039871883,-0.028824349720061166,0.17269470596224537,-0.13439581623582977,0.020731993185062064,0.06957066239664182,0.017964532004699208,0.12527387354324293,233
2026-08-12,0.011087984038398337,-0.05341250728787207,0.1148288976692159,0.02865119334918314,0.0461641126914817,0.003923716349720395,-0.10632538361969592,0.11577881845325091,0.11748085855504066,0.11789030057552194,0.16815875879934084,0.08052657704632601,0.25438980018295027,0.017431426866984078,0.2725213344899938,0.08352745053164086,-0.02936145480720249,0.20390300630487604,0.07204258772565075,0.17036749662548828,231
2026-08-13,-0.10186049010611896,0.06148994559364328,0.17610807416406538,-0.06875379220549438,0.0904842139977642,-0.10539573842701556,-0.010682255933478445,0.04096452179512625,-0.014145796026589635,0.0538896044419921,-0.07982966035147636,0.052443591386937355,0.2428357389474294,0.012262701272271024,0.187050479982699,-0.13175368327015613,0.03683261452505236,0.21279822372215043,-0.04682686621091794,0.13989376513693147,232
2026-08-14,0.16036827951652396,0.24583242447455106,0.04565904101484446,0.04026925650158518,0.1496811366655525,0.04088355628798385,0.06760934033870945,-0.04189468649680533,-0.04349793633406998,0.10871852376835746,0.06845658232146326,0.12112188430241991,0.08476898042782335,0.010370183664294918,0.14477998650890928,0.13289483689683473,0.21272507953869313,0.009238196285301795,-0.002145984841441374,0.18644820314109717,233
2026-08-17,0.04963413575975916,0.11074983717464974,-0.0794051689244352,-0.03401248112443717,0.06209689409963738,0.024327898605816745,0.09323490768660733,-0.0382683646812766,-0.03569071212638574,0.0992642236923847,0.07611028179818315,0.17043160092367282,-0.03471445685676854,0.022297710093507155,0.1628557785140777,0.029344106948353915,0.1199761954110193,-0.07990358261104723,-0.046537717272437266,0.10395594496970686,233
2026-08-18,-0.04496533836543144,0.07114573885364076,-0.1981163878767332,-0.12018729874741231,0.06650180430284625,0.029626059542887263,0.13538592737767463,-0.2142791423215303,-0.10540538071853438,0.10750265454040217,0.10809338751549245,0.23542931953503937,-0.15601527263366333,-0.03231900996574625,0.15690776965978287,0.008914833949985596,0.12277784216669177,-0.2476033041117255,-0.13179230633399544,0.11606264264389941,233
2026-08-19,0.03991884667818114,-0.27347979915410636,-0.20211584464171264,-0.12182676460423074,0.07036615192111903,0.10681391245140633,-0.26407646905039683,-0.22953817833957016,-0.08139533469456668,0.1915960888913857,0.17248369576834272,-0.13587861604158227,-0.2022527741326451,-0.06260609760537938,0.1645249454827837,0.12058557571203603,-0.25264845667930397,-0.22645193436897862,-0.10686882814245273,0.1662338458882103,231
2026-08-20,-0.3428523897807546,-0.2711015479090538,-0.15630631935987346,-0.08562980562849219,0.072601799743817,-0.35944006668574635,-0.2816070090835079,-0.2332865153332073,-0.04073922985129372,0.19471376879509322,-0.16332969978079714,-0.17956474077388773,-0.1613951085772304,-0.004414234814402052,0.19931818905512322,-0.3500613480761665,-0.27856926016674005,-0.2154330571319831,-0.06701594772205446,0.18191390041760955,233
2026-08-21,-0.07931304629507258,-0.11010217534894214,0.04706869042796526,0.1089907675659497,0.18467200066722111,-0.11879300403265527,-0.2091837706289654,-0.001014815422804712,0.09505912914374642,0.14013330318772674,-0.1384724766578641,-0.20624845831035787,-0.06839170254136365,0.06615896872735921,0.25738412349317963,-0.1086264199826912,-0.18611203122135891,-0.010627333085939949,0.11479974890265694,0.2539067903493049,233
2026-08-24,-0.04473424438468299,0.05437260125736307,0.08426020883523377,0.1515943349794611,,-0.17815264310064527,-0.012882683149340716,0.03096056178482089,0.04971622136711721,,-0.06436681275689382,-0.019204040899051762,0.056102032468268656,0.15697744128186994,,-0.11355594935328686,-0.01901051660914954,0.0652801340445269,0.1489689524424206,,232
2026-08-25,0.12105140245135108,0.19105732482675736,0.16090770890120068,0.11904867332627922,,0.14327009803529345,0.12448368201271542,0.13283628390421373,0.010269991049166045,,0.03796697373941553,0.1852784637681742,0.09671484337848965,0.132637953994685,,0.08425189685673633,0.20223098883069618,0.14950248809530714,0.14827000148484237,,233
2026-08-26,0.08235031413439532,0.07913083393456383,0.10972419015085438,0.1522248912750841,,-0.08561961056308791,-0.0697694494327777,-0.029593027683264026,-0.06823945664873599,,0.0030194821609437345,0.09097831385000059,0.0037515873789922046,0.07875040331584382,,0.04039322231315805,0.07966357381385439,0.04880973529068852,0.11784421946704245,,233
2026-08-27,-0.02011802512132002,0.025379487389044605,0.11531942790842632,0.1222395505881287,,-0.09804350230864439,-0.024659797806891457,0.09003430493715174,0.06992171416866746,,-0.0025721180651114206,0.0261480873883586,0.05636225468056769,0.12552904055286102,,-0.037149559137159824,0.0161165036649362,0.09866603547750005,0.14702737727520404,,233
2026-08-28,0.08834553740010428,0.09469923979264563,0.16900673777157887,0.1590443625771484,,0.02789814415005709,0.05163583969440401,0.08589534724818937,0.09585162828073635,,0.06303799402966107,0.053223745074997275,0.10815053347407137,0.15751186668728584,,0.07086250104348611,0.06365886967451329,0.14619589418120763,0.17490096243237824,,233
2026-09-03,0.06086622050260653,0.07176870098554516,0.1812045368711453,0.20866980301364,,0.0769380412710577,0.04451759436974909,0.1998278837690254,0.23264750988938201,,0.07839668987962758,0.05623324196331451,0.18298761193881483,0.22266857871657844,,0.0629267396512796,0.0491680202152255,0.21586278403767056,0.2506704047264894,,237
2026-09-04,0.011862264828557756,0.09302275740726139,0.13818761884513622,0.14925248049692186,,-0.04298283924118705,0.07210541708116103,0.15934039190476212,0.13857385350281437,,0.010568856798593899,0.0763501401694411,0.13889303368128103,0.17915170735723684,,0.0016624119194614147,0.09223548090848452,0.16278356977973765,0.18774130969957606,,237
2026-09-07,0.02007220619607675,0.05091352362132392,0.22268062259714058,0.07694399080191092,,0.046530973950022904,0.07632766896690443,0.2553481312949597,0.13115964159092752,,0.02769058560305735,0.03417707083507473,0.24008832339914346,0.1592021956620868,,0.019331755390744467,0.05706244998373055,0.25447029962573026,0.13342335224140836,,236
2026-09-08,0.08340920826836343,0.14200091413551005,0.2364452065384251,0.11293444886866794,,0.054997212939296054,0.1268976785271214,0.28607166237391823,0.14122173445944056,,0.0574059007455591,0.1741147598292056,0.25304066530361097,0.16119066648414604,,0.10772088174881593,0.19483653803848516,0.29546834462706173,0.1718222258904655,,237
2026-09-09,0.02335709976387401,0.1773687537738934,0.19652568487794878,0.1131315478276844,,0.01736920111159701,0.18815297706499282,0.25340715457283014,0.12721450847723664,,0.08355567426545993,0.2008309025415823,0.24800536061307452,0.16491398304093832,,0.057456174346805715,0.2181197837837679,0.260119034366402,0.15533370751731937,,237
2026-09-10,0.23584899663782577,0.33690162668814483,0.18665734691298447,,,0.19062130644125835,0.2950647947947218,0.22689026958070324,,,0.15745439824796026,0.2907246865716255,0.22118250468868766,,,0.21629329289335952,0.31680557144444293,0.21453310025327899,,,237
2026-09-11,0.175032155665131,0.16554389822471252,-0.010206532044539291,,,0.19010781439455057,0.1662054544232443,0.031865978729797906,,,0.1920617033534457,0.1935122300461463,0.028547998362822007,,,0.18011505564707037,0.16212090040074792,-0.0018340618053318764,,,237
2026-09-14,-0.01623205816331811,0.06666209690413749,0.04335956181912342,,,-0.008681476328070706,0.12056894548127563,0.03248561697368285,,,0.03955599562539893,0.10130836916143794,0.008503740354059326,,,-0.010391081554288204,0.09727746328211086,0.01118644016756008,,,237
2026-09-15,0.07866660478198273,-0.18413146157452515,-0.038248201296066174,,,0.1318138596155955,-0.21671746258818483,-0.08281132225867095,,,0.0649518952441612,-0.2376681271546714,-0.09156242247524964,,,0.10839001666335782,-0.22545211852076397,-0.07357455713433213,,,236
2026-09-16,-0.2714040702544648,-0.3309756717960981,-0.04771120090337759,,,-0.3794787865088585,-0.41460385996383153,-0.1278716319092267,,,-0.3223576555225091,-0.35211963619842257,-0.09884847040892307,,,-0.3395008386181816,-0.380927033567527,-0.0824042295394895,,,237
2026-09-17,-0.12212404961120259,0.12651322985651453,,,,-0.1078151754542056,0.05972814798726469,,,,-0.13325807544558674,0.11282648840518616,,,,-0.1434115649593209,0.10988803262134313,,,,237
2026-09-18,0.2136932599806129,0.1840342220316766,,,,0.0645759790796469,0.058242607151957046,,,,0.2542806934809636,0.153672242819957,,,,0.2102713466484935,0.14916248198120463,,,,237
2026-09-21,-0.006060338082678475,0.0342929335963281,,,,-0.046396547959836616,-0.004584829468871148,,,,-0.10636492568445348,-0.007833855467303533,,,,-0.06248626311207903,0.01791009596041277,,,,237
2026-09-22,0.05888282509140304,,,,,0.006857341148280175,,,,,0.09801523209963482,,,,,0.08021419922287237,,,,,237
